search.id,University,Department,Position,Name,ecoevo,sex,PhD.taiwan,PhD.country,PhD.university,PhD.uni.rank,PhD,Assistant.since,full.professor,time.to.assistant,time.to.full,Paper.number.before,Paper.number.after,Associate.since,Professor.since,Year,Papers,Citations,Years,Cites_Year,Cites_Paper,Cites_Author,Papers_Author,Authors_Paper,h_index_before,h_index_after,h_index_diff,g_index,hc_index,hI_index,hI_norm,AWCR,AW_index,AWCRpA,e_index,hm_index,QueryDate,Cites_Author_Year,hI_annual,h_coverage,g_coverage,star_count,year_first,year_last,ECC,acc1,acc2,acc5,acc20,hA,beforeafter,stage
1,Academia Sinica,Biodiversity Research Center,Professor,Benny_Kwok_Kan_Chan,1,m,non-Taiwan,Hong Kong,The University of Hong Kong,22,2000,2005,2016,5,11,NA,NA,NA,NA, 2001 to 2005,5,171,20,8.55,34.2,104.67,3.17,2,5,7,2,5,5,2.5,5,9.3,3.05,5.64,12.08,3.17,11/28/21 17:12,5.23,0.25,100,100,0,2001,2005,171,5,1,0,0,2,before,assistant
2,National Taiwan University,Department of Forestry and Resource Conservation,Professor,Biing_T._Guan,1,m,non-Taiwan,USA,University of Illinois at Urbana-Champaign,82,1991,1995,2005,4,10,NA,NA,NA,NA, 1991 to 1995,3,176,30,5.87,58.67,87.67,1.33,2.33,2,2,0,3,2,1,2,5.87,2.42,2.92,13.04,1.33,12/17/21 0:58,2.92,0.07,98.9,100,0,1991,1993,176,2,2,0,0,2,before,assistant
3,National Cheng Kung University,Institute of Tropical Plant Sciences and Microbiology,Assistant Professor,Chao-Li_Huang,1,m,Taiwan,Taiwan,National Cheng Kung University,252,2015,2017,NA,2,NA,NA,NA,NA,NA, 2013 to 2017,8,97,8,12.13,12.13,19.07,1.52,5.38,6,NA,,8,5,1.09,3,16.15,4.02,3.17,7.42,1.32,12/20/21 19:06,2.38,0.38,93.8,100,0,2013,2017,97,6,4,0,0,3,before,assistant
4,Academia Sinica,Biodiversity Research Center,Professor,Chaolun_Allen_Chen,1,m,non-Taiwan,Australia,James Cook University,424,1995,1997,2010,2,13,NA,NA,NA,NA, 1993 to 1997,5,274,26,10.54,54.8,69.72,1.48,3.8,4,10,6,5,3,1.14,4,10.73,3.28,2.74,16.06,1.28,11/30/21 3:40,2.68,0.15,100,100,0,1995,1996,274,2,2,0,0,2,before,assistant
5,National Taiwan University,Department of Life Science,Professor,Chau-Ti_Ting,1,f,Taiwan,Taiwan,National Taiwan University,68,1991,2000,2020,9,20,NA,NA,NA,NA, 1996 to 2000,5,1180,24,49.17,236,327.17,1.42,3.6,5,6,1,5,5,1.39,5,51.83,7.2,14.43,33.99,1.42,11/20/21 22:45,13.63,0.21,100,100,2,1997,2000,1180,5,5,4,1,5,before,assistant
6,National Tsing Hua University,Department of Life Science,Assistant Professor,Chen_Siang_Ng,1,m,non-Taiwan,USA,University of California; Davis,108,2009,2016,NA,7,NA,NA,NA,NA,NA, 2012 to 2016,7,330,9,36.67,47.14,57.34,1.24,5.71,7,4,-3,7,6,1.23,5,46.14,6.79,8,16.76,1.24,11/27/21 4:33,6.37,0.56,100,100,2,2012,2016,330,7,6,5,0,5,before,assistant
7,National Chung Hsing University,Department of Horticulture,Professor,Chen-Fa_Wu,1,m,Taiwan,Taiwan,National Taipei University,1201,2005,2007,2017,2,10,NA,NA,NA,NA, 2003 to 2007,2,248,15,16.53,124,49.6,0.4,5,2,4,2,2,2,0.4,2,17.59,4.19,3.52,15.62,0.4,12/20/21 17:20,3.3,0.13,100,100,1,2006,2007,248,2,1,1,0,2,before,assistant
8,National Taiwan University,Institute of Ecology and Evolutionary Biology,Associate Professor,Cheng-Ruei_Lee,1,m,non-Taiwan,USA,Duke University,52,2013,2016,NA,3,NA,NA,NA,NA,NA, 2012 to 2016,15,1996,9,221.78,133.07,471.02,4.1,4.2,14,8,-6,15,12,3.38,10,344.28,18.55,76.55,42.32,4.1,12/4/21 3:01,52.33,1.11,99.5,100,6,2012,2016,1996,15,14,9,3,7,before,assistant
9,National Taiwan University,Department of Life Science,Assistant Professor,Cheng-Hsiu_Tsai,1,m,non-Taiwan,New Zealand,University of Otago,194,2015,2018,NA,3,NA,NA,NA,NA,NA, 2014 to 2018,14,294,7,42,21,132.5,6.78,2.36,10,NA,,14,10,3.85,8,52.16,7.22,23.74,12.96,6.28,11/26/21 3:59,18.92,1.14,91.2,100,0,2014,2018,294,13,12,4,0,4,before,assistant
10,National Chung Hsing University,Department of Soil¬†and Environmental Sciences,Associate Professor,Cheng-Hua_Huang,1,m,non-Taiwan,USA,University of Florida,173,2009,2014,NA,5,NA,NA,NA,NA,NA, 2010 to 2014,7,228,10,22.8,32.57,62.03,2.02,3.86,6,5,-1,7,5,1.44,4,24.97,5,6.76,13.75,2.02,12/20/21 18:39,6.2,0.4,98.7,100,0,2011,2014,228,6,4,2,0,3,before,assistant
11,National Taiwan Normal University,Department of Life Science,Associate Professor,Chi-Chien_Kuo,1,m,non-Taiwan,USA,University of California; Davis,108,2010,2014,NA,4,NA,NA,NA,NA,NA, 2010 to 2014,12,273,10,27.3,22.75,67.75,3.08,4.33,9,5,-4,12,7,2.19,6,29.38,5.42,7.25,13.56,2.66,11/28/21 21:49,6.77,0.6,97.1,100,0,2011,2014,273,8,6,1,0,3,before,assistant
12,National Taiwan University,Department of Entomology,Associate Professor,Chi-Wei_Tsai,1,m,non-Taiwan,USA,The Ohio State University,120,2006,2009,NA,3,NA,NA,NA,NA,NA, 2005 to 2009,9,737,16,46.06,81.89,160.7,1.95,4.67,8,4,-4,9,8,1.73,8,55.75,7.47,12.23,25.79,1.95,12/10/21 4:07,10.04,0.5,98.9,100,2,2005,2009,737,8,8,6,0,5,before,assistant
13,National Chung Hsing University,Department of Plant Pathology,Associate Professor,Chi-Yu_Chen,1,m,Taiwan,Taiwan,National Chung Hsing University,675,2003,2005,NA,2,NA,NA,NA,NA,NA, 2001 to 2005,5,20,19,1.05,4,9.83,1.84,3.2,2,2,0,4,1,1,2,1.15,1.07,0.57,3.87,1,12/20/21 17:55,0.51,0.11,95,100,0,2002,2004,20,0,0,0,0,1,before,assistant
14,National Chung Hsing University,Department of Plant Pathology,Assistant Professor,Chia-Ching_Chu,1,m,non-Taiwan,USA,University of Illinois at Urbana-Champaign,82,2014,2017,NA,3,NA,NA,NA,NA,NA, 2013 to 2017,7,255,8,31.88,36.43,61.95,1.9,4,5,NA,,7,5,1.14,4,37.78,6.15,9.31,14.93,1.9,12/20/21 18:05,7.74,0.5,97.3,100,1,2013,2017,255,6,5,3,0,3,before,assistant
15,National Sun Yat-sen University,Department of Biological Sciences,Assistant Professor,Chia-Hao_Chang-Yang,1,m,Taiwan,Taiwan,National Taiwan University,68,2013,2018,NA,5,NA,NA,NA,NA,NA, 2014 to 2018,8,212,6,35.33,26.5,44.93,1.73,4.75,7,NA,,8,6,1.48,5,55.33,7.44,11.91,12.57,1.73,12/8/21 4:46,7.48,0.83,97.6,100,1,2015,2018,212,7,6,5,0,5,before,assistant
17,National Taiwan University,Institute of Fisheries¬†Science,Associate Professor,Chia-Ying_Ko,1,f,Taiwan,Taiwan,National Taiwan University,68,2009,2016,NA,7,NA,NA,NA,NA,NA, 2012 to 2016,9,1127,9,125.22,125.22,227.65,2.08,4.44,6,4,-2,9,5,1.29,3,177.25,13.31,35.81,32.79,2.08,12/17/21 1:27,25.29,0.33,98.6,100,2,2012,2016,1127,6,3,2,2,2,before,assistant
18,Academia Sinica,Biodiversity Research Center,Assistant Professor,Chien-Hsiang_Lin,1,m,non-Taiwan,Italy,University of Bari,900,2017,2020,NA,3,NA,NA,NA,NA,NA, 2016 to 2020,7,93,5,18.6,13.29,22.8,1.63,4.43,6,NA,,7,6,1.38,3,27.7,5.26,6.45,7.48,1.43,12/1/21 5:08,4.56,0.6,98.9,100,0,2016,2020,93,7,6,1,0,4,before,assistant
19,National Taiwan University,Department of Life Science,Assistant Professor,Chih-Han_Chang,1,m,non-Taiwan,USA,Johns Hopkins University,25,2015,2019,NA,4,NA,NA,NA,NA,NA, 2015 to 2019,17,456,6,76,26.82,115.58,4.38,4.18,11,NA,,17,11,2.47,6,129.25,11.37,32.02,17.49,3.88,11/25/21 23:39,19.26,1,93.6,100,2,2015,2019,456,15,11,9,1,7,before,assistant
20,National Taiwan University,Institute of Oceanography,Professor,Chih-Hao_Hsieh,1,m,non-Taiwan,USA,University of California; San Diego,48,2006,2007,2014,1,7,NA,NA,NA,NA, 2003 to 2007,7,1617,17,95.12,231,370.17,2,4,7,18,11,7,7,1.75,7,106.27,10.31,24.26,39.6,2,12/11/21 2:33,21.77,0.41,100,100,3,2004,2007,1617,7,7,6,2,5,before,assistant
21,Academia Sinica,Institute of Plant and Microbial Biology,Associate Professor,Chih-Horng_Kuo,1,m,non-Taiwan,USA,The University of Georgia,545,2008,2010,NA,2,NA,NA,NA,NA,NA, 2006 to 2010,12,1525,14,108.93,127.08,541.97,4.95,2.67,9,19,10,12,9,3.24,9,130.44,11.42,45.8,37.83,4.45,12/13/21 2:17,38.71,0.64,99.1,100,5,2007,2010,1525,9,9,8,2,7,before,assistant
22,National Taiwan University,Institute of Oceanography,Associate Professor,Chih-Lin_Wei,1,m,non-Taiwan,USA,Texas A&M University,168,2011,2014,NA,3,NA,NA,NA,NA,NA, 2010 to 2014,10,1049,11,95.36,104.9,214.38,2.22,4.6,10,9,-1,10,9,2.17,8,116.14,10.78,23.66,30.81,2.22,12/14/21 22:11,19.48,0.73,100,100,4,2010,2014,1049,10,10,6,2,6,before,assistant
23,Academia Sinica,Biodiversity Research Center,Associate Professor,Chih-Ming_Hung,1,m,non-Taiwan,USA,University of Minnesota,186,2012,2016,NA,4,NA,NA,NA,NA,NA, 2012 to 2016,8,303,9,33.67,37.88,80.83,2.16,4,8,8,0,8,6,2,5,42.82,6.54,11.47,15.46,2.17,12/1/21 4:07,8.98,0.56,100,100,1,2012,2016,303,8,6,3,0,4,before,assistant
24,Academia Sinica,Biodiversity Research Center,Professor,Chih-Yu_Chiu,1,m,non-Taiwan,Japan,University of Tsukuba,285,1988,1988,2003,0,15,NA,NA,NA,NA, 1984 to 1988,0,0,0,0,0,0,0,0,0,4,4,0,0,0,0,0,0,0,0,0,11/30/21 3:02,0,0,0,0,0,0,0,0,0,0,0,0,0,before,assistant
26,National Chung Hsing University,Department of Forestry,Professor,Chiung-Pin_Liu,1,f,Taiwan,Taiwan,National Chung Hsing University,675,1999,NA,2011,NA,NA,NA,NA,NA,NA,NA,NA,NA,NA,NA,NA,NA,NA,NA,NA,NA,,NA,NA,NA,NA,NA,NA,NA,NA,NA,NA,NA,NA,NA,NA,NA,NA,NA,NA,NA,NA,NA,NA,NA,before,assistant
27,Academia Sinica,Institute of Plant and Microbial Biology,Assistant Professor,Chuan_Ku,1,m,non-Taiwan,Germany,University of D√ºsseldorf,775,2016,2019,NA,3,NA,NA,NA,NA,NA, 2015 to 2019,7,497,6,82.83,71,132.12,2.15,3.86,6,NA,,7,6,1.5,5,95.47,9.77,26.37,21.45,1.82,12/5/21 2:45,22.02,0.83,99.8,100,4,2015,2019,497,6,5,5,1,5,before,assistant
28,National Tsing Hua University,Department of Life Science,Professor,Chuan-Chin_Chiao,1,m,non-Taiwan,USA,University of Maryland; Baltimore County,775,2000,2002,2012,2,10,NA,NA,NA,NA, 1998 to 2002,9,1535,23,66.74,170.56,537.83,3.25,3,9,9,0,9,8,3,8,69.98,8.37,24.68,38.13,3.25,11/26/21 4:35,23.38,0.35,100,100,1,1998,2002,1535,8,8,3,1,4,before,assistant
29,National Taiwan University,Institute of Ecology and Evolutionary Biology,Professor,Chuan-Kai_Ho,1,m,non-Taiwan,USA,University of Houston,725,2008,2011,2021,3,10,NA,NA,NA,NA, 2007 to 2011,5,382,14,27.29,76.4,92.17,1.5,4,5,5,0,5,5,1.25,5,31.96,5.65,7.82,18.89,1.5,12/4/21 2:49,6.58,0.36,100,100,1,2007,2011,382,5,5,2,0,4,before,assistant
30,National Chung Hsing University,Department of Life Sciences,Assistant Professor,Chuan-Wen_Ho,1,f,Taiwan,Taiwan,National Cheng Kung University,252,2013,2019,NA,6,NA,NA,NA,NA,NA, 2015 to 2019,5,17,6,2.83,3.4,4.88,1.37,3.8,2,NA,,4,2,0.5,1,3.33,1.83,0.98,2.83,1.12,12/7/21 4:20,0.81,0.17,70.6,94.1,0,2015,2017,17,1,0,0,0,1,before,assistant
31,National Taiwan University,Department of Entomology,Professor,Chun-Che_Chang,1,m,non-Taiwan,UK,University of Cambridge,3,2001,2003,2014,2,11,NA,NA,NA,NA, 1999 to 2003,3,98,19,5.16,32.67,30.8,1.03,3.33,3,4,1,3,2,0.9,2,5.21,2.28,1.63,9.43,1.03,12/10/21 2:13,1.62,0.11,100,100,0,2002,2003,98,2,1,0,0,1,before,assistant
32,National Taiwan University,Department of Agronomy,Assistant Professor,Chun-Huo_Chiu,1,m,Taiwan,Taiwan,National Yang Ming Chiao Tung University,268,2010,2017,NA,7,NA,NA,NA,NA,NA, 2013 to 2017,15,1436,7,205.14,95.73,527.05,5.13,3.33,15,NA,,15,15,4.5,10,240.44,15.51,89.73,34.8,5.13,12/17/21 21:28,75.29,1.43,100,100,9,2014,2017,1436,15,15,13,3,9,before,assistant
33,National Taiwan University,Department of Life Science,Professor,Chun-Neng_Wang,1,m,non-Taiwan,UK,University of Edinburgh,16,2003,2005,2019,2,14,NA,NA,NA,NA, 2001 to 2005,5,201,18,11.17,40.2,74.5,1.83,2.8,5,4,-1,5,4,1.79,5,11.68,3.42,4.31,13.27,1.83,11/21/21 4:38,4.13,0.28,100,100,0,2003,2004,201,4,4,0,0,3,before,assistant
34,National Taiwan Normal University,Department of Life Science,Professor,Chung-Chi_Chen,1,m,non-Taiwan,USA,University of Maryland; Baltimore County,775,1998,2001,2008,3,7,NA,NA,NA,NA, 1997 to 2001,7,385,24,16.04,55,123.3,2.28,3.29,7,8,1,7,5,2.13,6,16.89,4.11,5.37,18.33,2.28,11/27/21 23:24,5.13,0.25,100,100,0,1997,2001,385,6,3,1,0,2,before,assistant
35,National Chung Hsing University,Department of Forestry,Assistant Professor,Chung-I_Chen,1,m,Taiwan,Taiwan,National Taiwan University,68,2016,2019,NA,3,NA,NA,NA,NA,NA, 2015 to 2019,3,29,5,5.8,9.67,7.43,0.78,4,3,NA,,3,3,0.75,2,8.3,2.88,2.27,4.47,0.78,12/20/21 17:04,1.48,0.4,100,100,0,2016,2019,29,3,3,0,0,2,before,assistant
36,National Taiwan Normal University,Department of Life Science,Professor,Chung-Ping_Lin,1,m,non-Taiwan,USA,Cornell University,21,2003,2004,2011,1,7,NA,NA,NA,NA, 2000 to 2004,3,487,19,25.63,162.33,234.67,1.33,2.33,3,4,1,3,3,1.29,3,28.28,5.32,13.62,21.86,1.33,11/28/21 2:45,12.35,0.16,100,100,1,2002,2004,487,3,3,1,1,3,before,assistant
37,National Tsing Hua University,Department of Life Science,Professor,Chyng-Shyan_Tzeng,1,m,Taiwan,Taiwan,National Taiwan University,68,1991,1995,NA,4,NA,NA,NA,NA,NA, 1991 to 1995,2,283,29,9.76,141.5,70.75,0.5,4,1,3,2,2,1,0.25,1,9.76,3.12,2.44,16.76,0.5,12/31/21 2:51,2.43,0.03,99.6,100,0,1992,1992,283,1,1,1,0,1,before,assistant
38,National Taiwan University,Institute of Ecology and Evolutionary Biology,Associate Professor,David_Zelen√Ω,1,m,non-Taiwan,Czech Republic,University of South Bohemia in Ceske Budejovice,,2008,2015,NA,7,NA,NA,NA,NA,NA, 2011 to 2015,17,816,10,81.6,48,233.28,4.05,4.47,15,9,-6,17,12,3.26,8,100.56,10.03,27.94,23.96,4.05,12/4/21 4:39,23.32,0.8,97.9,100,2,2011,2015,816,17,14,8,1,6,before,assistant
39,National Taiwan University,Department of Life Science,Associate Professor,Dian-Han_Kuo,1,m,non-Taiwan,USA,University of Texas at Austin,67,2004,2012,NA,8,NA,NA,NA,NA,NA, 2008 to 2012,7,127,12,10.58,18.14,61.42,3.42,2.43,6,3,-3,7,4,2.57,5,11.66,3.41,5.62,9.33,3.42,11/25/21 4:59,5.11,0.42,96.9,100,0,2009,2012,127,4,2,0,0,2,before,assistant
40,National Taiwan University,Department of Entomology,Professor,En-Cheng_Yang,1,m,non-Taiwan,Australia,The Australien National University,27,1994,1999,2010,5,11,NA,NA,NA,NA, 1990 to 1994,1,60,30,2,60,30,0.5,2,1,3,2,1,1,0.5,1,2,1.41,1,7.68,0.5,12/9/21 2:26,1,0.03,100,100,0,1991,1991,60,1,1,0,0,1,before,assistant
41,National Taiwan University,Department of Forestry and Resource Conservation,Professor,Fang-Hua_Chu,1,f,Taiwan,Taiwan,National Chung Hsing University,675,1999,2003,2012,4,9,NA,NA,NA,NA, 1999 to 2003,3,249,20,12.45,83,49.8,0.6,5,3,10,7,3,3,0.6,3,12.59,3.55,2.52,15.49,0.6,12/17/21 4:06,2.49,0.15,100,100,0,2001,2003,249,3,2,1,0,2,before,assistant
42,National Chung Hsing University,Department of Soil¬†and Environmental Sciences,Associate Professor,Fo-Ting_Shen,1,m,Taiwan,Taiwan,National Chung Hsing University,675,2006,2011,NA,5,NA,NA,NA,NA,NA, 2007 to 2011,30,837,14,59.79,27.9,200.08,7.13,4.3,20,12,-8,28,10,4.65,8,68.22,8.26,16.32,16.94,7.13,12/20/21 18:17,14.29,0.57,82.1,98.1,0,2007,2011,837,28,17,1,0,3,before,assistant
43,National Taiwan University,Department of Plant Pathology and Microbiology,Assistant Professor,Hiran_A._Ariyawansa,1,m,non-Taiwan,Thailand,Mae Fah Luang University,,2015,2017,NA,2,NA,NA,NA,NA,NA, 2013 to 2017,42,3497,8,437.13,83.26,701.85,9.4,4.62,23,NA,,42,19,4.94,13,589.33,24.28,118.25,52.72,7.65,12/19/21 4:15,87.73,1.63,94.6,100,13,2013,2017,3497,37,30,18,8,12,before,assistant
44,National Taiwan University,Department of Life Science,Professor,Hon-Tsen_Yu,1,m,non-Taiwan,USA,University of California; Berkeley¬†,32,1992,1994,2013,2,19,NA,NA,NA,NA, 1990 to 1994,4,150,29,5.17,37.5,143,3.5,1.25,4,5,1,4,2,3.2,4,5.46,2.34,5.22,11.58,3.5,11/21/21 4:06,4.93,0.14,100,100,0,1992,1994,150,2,1,0,0,1,before,assistant
45,National Chung Hsing University,Department of Entomology,Professor,Hou-Feng_Li,1,m,non-Taiwan,USA,University of Florida,173,2009,2013,2020,4,7,NA,NA,NA,NA, 2009 to 2013,11,244,12,20.33,22.18,70.73,3.24,3.73,9,9,0,11,5,2.45,5,23.27,4.82,6.74,12.21,3.23,12/12/21 17:57,5.89,0.42,94.3,100,0,2009,2013,244,8,4,1,0,3,before,assistant
46,National Chung Hsing University,Department of Forestry,Assistant Professor,Hsiang-Ling_Chen,1,f,non-Taiwan,USA,The University of Arizona,268,2014,2018,NA,4,NA,NA,NA,NA,NA, 2014 to 2018,5,156,6,26,31.2,49.08,2.42,3,5,NA,,5,4,1.67,4,41.6,6.45,11.04,11.45,2.42,12/20/21 16:57,8.18,0.67,100,100,1,2015,2018,156,4,3,2,1,3,before,assistant
47,National Cheng Kung University,Department of Biotechnology and Bioindustry Sciences,Assistant Professor,Hsiao-Pei_Lu,1,f,Taiwan,Taiwan,National Taiwan University,68,2013,2019,NA,6,NA,NA,NA,NA,NA, 2015 to 2019,4,141,5,28.2,35.25,21.12,0.67,6,3,NA,,4,4,0.5,2,45.8,6.77,6.89,11.36,0.68,12/12/21 3:28,4.22,0.4,97.9,100,1,2016,2019,141,4,3,1,1,3,before,assistant
48,National Taiwan University,Department of Forestry and Resource Conservation,Professor,Hsiao-Wei_Yuan,1,f,non-Taiwan,USA,Cornell University,21,1993,1994,2005,1,11,NA,NA,NA,NA, 1990 to 1994,1,6,28,0.21,6,6,1,1,1,1,0,1,0,1,1,0.21,0.46,0.21,2.24,1,12/16/21 20:14,0.21,0.04,100,100,0,1993,1993,6,0,0,0,0,0,before,assistant
49,National Taiwan University,Department of Life Science,Associate Professor,Hsin-Hung_Chou,1,m,non-Taiwan,USA,Harvard University,5,2009,2015,NA,6,NA,NA,NA,NA,NA,NA,4,627,10,62.7,156.75,149.63,1.28,3.5,4,1,-3,4,4,1.14,4,68.77,8.29,16.85,24.72,1.28,11/25/21 3:50,14.96,0.4,100,100,1,2011,2015,627,4,4,4,1,4,before,assistant
50,National Chung Hsing University,Department of Life Sciences,Professor,Hsing-Juh_Lin,1,m,non-Taiwan,USA,University of Rhode Island,1100,1994,1999,2006,5,7,NA,NA,NA,NA, 1995 to 1999,2,85,23,3.7,42.5,34.67,0.83,2.5,2,7,5,2,2,0.8,2,3.79,1.95,1.54,9,0.83,12/5/21 4:50,1.5,0.09,100,100,0,1998,1999,85,2,1,0,0,2,before,assistant
51,National Sun Yat-sen University,Department of Marine Biotechnology and Resources,Assistant Professor,Hsiu-Chin_Lin,1,f,non-Taiwan,USA,University of California; San Diego,48,2009,2014,NA,5,NA,NA,NA,NA,NA, 2010 to 2014,6,176,11,16,29.33,67.83,2.34,3,6,5,-1,6,5,2,5,21.28,4.61,7.94,11.83,2.33,12/21/21 0:42,6.16,0.45,100,100,0,2010,2014,176,5,5,2,0,3,before,assistant
52,National Taiwan University,Department of Life Science,Professor,Hsiu-Hui_Shih,1,f,Taiwan,Taiwan,National Taiwan University,68,NA,1991,2004,NA,13,NA,NA,NA,NA, 1987 to 1991,1,2,31,0.06,2,1,0.5,2,1,0,-1,1,0,0.5,1,0.06,0.25,0.03,1,0.5,12/31/21 2:40,0.03,0.03,100,100,0,1990,1990,2,0,0,0,0,0,before,assistant
54,National Cheng Kung University,Department of Life Sciences,Assistant Professor,Yu-Hsun_Hsu,1,f,non-Taiwan,New Zealand,University of Otago,194,2014,2018,NA,4,NA,NA,NA,NA,NA,NA,5,129,7,18.43,25.8,25.32,1.02,5,4,NA,,5,4,0.76,3,21.75,4.66,4.27,10.49,1.02,12/2/21 3:09,3.61,0.43,97.7,100,0,2014,2018,129,5,4,2,0,3,before,assistant
55,National Chung Hsing University,Department of Forestry,Professor,Hsy-Yu_Tzeng,1,m,Taiwan,Taiwan,National Chung Hsing University,675,2003,2007,2018,4,11,NA,NA,NA,NA, 2003 to 2007,1,15,15,1,15,3,0.2,5,1,5,4,1,1,0.2,1,1,1,0.2,3.74,0.2,12/20/21 16:28,0.2,0.07,100,100,0,2006,2006,15,1,0,0,0,1,before,assistant
56,National Sun Yat-sen University,Department of Biological Sciences,Assistant Professor,"Huang,_Shu-Ping",1,f,Taiwan,Taiwan,National Taiwan Normal University,334,2008,2015,NA,7,NA,NA,NA,NA,NA, 2011 to 2015,7,125,10,12.5,17.86,31.75,1.92,3.86,5,4,-1,7,5,1.25,4,16.67,4.08,4.2,9.9,1.67,12/8/21 4:26,3.17,0.4,98.4,100,0,2011,2015,125,5,4,1,0,3,before,assistant
57,National Taiwan University,Institute of Oceanography,Associate Professor,Hui-Yu_Wang,1,f,non-Taiwan,USA,University of Michigan,23,2009,2011,NA,2,NA,NA,NA,NA,NA, 2007 to 2011,4,224,14,16,56,69,1.25,3.5,4,5,1,4,4,1.14,4,17.18,4.14,5.38,14.42,1.25,12/14/21 21:48,4.92,0.29,100,100,0,2007,2009,224,4,4,1,0,3,before,assistant
58,National Taiwan University,Department of Entomology,Assistant Professor,Hui-Yun_Tseng,1,f,Taiwan,Taiwan,TUNGHAI UNIVERSITY,1201,2017,2019,NA,2,NA,NA,NA,NA,NA, 2015 to 2019,11,131,6,21.83,11.91,26.65,2.33,4.82,7,NA,,11,7,1.4,4,33.27,5.77,6.89,8.25,2.08,12/10/21 21:02,4.44,0.67,89.3,100,0,2015,2019,131,10,7,2,0,4,before,assistant
59,National Chung Hsing University,Department of Horticulture,Assistant Professor,Hung-Ming_Tu,1,m,Taiwan,Taiwan,National Taiwan University,68,2017,2018,NA,1,NA,NA,NA,NA,NA, 2014 to 2018,1,2,4,0.5,2,1,0.5,2,1,NA,,1,1,0.5,1,0.5,0.71,0.25,1,0.5,12/20/21 17:40,0.25,0.25,100,100,0,2017,2017,2,0,0,0,0,1,before,assistant
61,National Taiwan University,College of Medicine,Professor,Hurng-Yi_Wang,1,m,Taiwan,Taiwan,National Taiwan Normal University,334,2000,2006,2015,6,9,NA,NA,NA,NA, 2002 to 2006,6,689,19,36.26,114.83,177.77,1.53,4.5,6,11,5,6,5,1.33,4,39.82,6.31,10.18,25.55,1.53,12/4/21 2:20,9.35,0.21,100,100,1,2002,2004,689,5,4,3,1,3,before,assistant
62,National Cheng Kung University,Department of Life Sciences,Associate Professor,I-Ching_Chen,1,f,non-Taiwan,UK,University of York,151,2011,2012,NA,1,NA,NA,NA,NA,NA,NA,4,4774,12,397.83,1193.5,976.3,0.85,4.75,4,3,-1,4,4,0.84,4,470.23,21.68,95.84,68.98,0.85,12/2/21 2:42,81.35,0.33,100,100,4,2009,2011,4774,4,4,4,3,4,before,assistant
63,Academia Sinica,Biodiversity Research Center,Associate Professor,Isheng_Jason_Tsai,1,m,non-Taiwan,UK,Imperial College London,7,2009,2015,NA,6,NA,NA,NA,NA,NA, 2011 to 2015,20,2678,10,267.8,133.9,527.6,5.75,4.6,17,15,-2,20,14,3.36,12,326.22,18.06,64.18,48.75,3.75,12/1/21 3:41,52.76,1.2,99.6,100,8,2011,2015,2678,18,17,13,6,9,before,assistant
64,National Taiwan University,Institute of Oceanography,Professor,Jen-Chieh_Shiao,1,m,Taiwan,Taiwan,National Taiwan University,68,2002,2006,2015,4,9,NA,NA,NA,NA, 2002 to 2006,20,1351,19,71.11,67.55,331.02,5.34,4.05,15,16,1,20,10,3.63,11,81.4,9.02,19.81,33.17,4.5,12/12/21 2:08,17.42,0.58,98.1,100,1,2002,2006,1351,15,14,8,1,6,before,assistant
65,Academia Sinica,Biodiversity Research Center,Assistant Professor,Jen-Pan_Huang,1,m,non-Taiwan,USA,University of Michigan,23,2016,2019,NA,3,NA,NA,NA,NA,NA, 2015 to 2019,21,295,6,49.17,14.05,127.3,10.66,3.19,10,NA,,17,11,2.78,6,96.53,9.83,36.06,12.08,5.6,12/1/21 4:32,21.21,1,83.4,98.3,5,2015,2019,295,17,13,6,0,5,before,assistant
66,National Chung Hsing University,Department of Entomology,Professor,Jeng-Tze_Yang,1,m,Taiwan,Taiwan,National Chung Hsing University,675,1993,1993,2003,0,10,NA,NA,NA,NA, 1989 to 1993,2,23,32,0.72,11.5,11.67,1.33,2,2,3,1,2,1,1,2,0.74,0.86,0.38,4.36,1.33,12/12/21 3:49,0.36,0.06,100,100,0,1989,1992,23,0,0,0,0,1,before,assistant
67,National Taiwan Normal University,Department of Life Science,Professor,Jenn-Che_Wang,1,m,Taiwan,Taiwan,National Taiwan University,68,1988,1988,1996,0,8,NA,NA,NA,NA, 1984 to 1988,0,0,0,0,0,0,0,0,0,4,4,0,0,0,0,0,0,0,0,0,11/27/21 17:29,0,0,0,0,0,0,0,0,0,0,0,0,0,before,assistant
68,National Taiwan University,Institute of Ecology and Evolutionary Biology,Professor,Jer-Ming_Hu,1,m,non-Taiwan,USA,University of California; Davis,108,2000,2001,2017,1,16,NA,NA,NA,NA, 1997 to 2001,5,755,23,32.83,151,198.75,1.28,4,5,3,-2,5,4,1.25,4,35.51,5.96,9.29,27.02,1.28,12/2/21 3:18,8.64,0.17,100,100,3,1998,2001,755,4,4,3,0,4,before,assistant
70,National Taiwan University,Department of Plant Pathology and Microbiology,Assistant Professor,Jiue-in_Yang,1,f,non-Taiwan,USA,University of California; Riverside,403,2012,2015,NA,3,NA,NA,NA,NA,NA, 2011 to 2015,5,205,9,22.78,41,41.63,1.07,4.8,5,5,0,5,5,1.04,4,24.24,4.92,4.92,13.42,1.07,12/19/21 1:38,4.62,0.44,100,100,0,2012,2014,205,5,4,2,0,3,before,assistant
71,Academia Sinica,Biodiversity Research Center,Associate Professor,John_Wang,1,m,non-Taiwan,USA,Stanford University,3,2002,2010,NA,8,NA,NA,NA,NA,NA, 2006 to 2010,6,262,14,18.71,43.67,70.62,1.64,4,5,5,0,6,5,1.19,5,21.16,4.6,5.7,15.26,1.64,11/29/21 3:34,5.04,0.36,98.5,100,0,2007,2010,262,5,5,1,0,4,before,assistant
72,Academia Sinica,Institute of Cellular and Organismic Biology,Associate Professor,Jr-Kai_Yu,1,m,non-Taiwan,USA,University of California; San Diego,48,2005,2007,NA,2,NA,NA,NA,NA,NA, 2003 to 2007,5,580,18,32.22,116,114.24,1.18,4.8,5,10,5,5,5,1.04,5,36.82,6.07,7.06,23.56,1.18,12/13/21 3:38,6.34,0.28,100,100,1,2003,2007,580,5,5,3,0,4,before,assistant
73,Academia Sinica,Institute of Molecular Biology,Professor,Jun-Yi_Leu,1,m,non-Taiwan,USA,Yale University,14,1999,2006,2013,7,7,NA,NA,NA,NA, 2002 to 2006,2,153,15,10.2,76.5,62,0.83,2.5,2,7,5,2,2,0.8,2,10.2,3.19,4.13,12.21,0.83,12/13/21 2:50,4.13,0.13,100,100,0,2006,2006,153,2,2,1,0,2,before,assistant
74,National Sun Yat-sen University,Department of Oceanography,Professor,Keryea_Soong,1,m,non-Taiwan,USA,University of Texas at Austin,67,1990,1990,1994,0,4,NA,NA,NA,NA, 1986 to 1990,3,59,34,1.74,19.67,34.83,1.83,2,3,7,4,3,1,1.5,3,1.84,1.36,1.1,7.07,1.83,12/21/21 19:48,1.02,0.09,100,100,0,1987,1990,59,1,0,0,0,1,before,assistant
75,Academia Sinica,Biodiversity Research Center,Assistant Professor,Ko-Hsuan_Chen,1,f,non-Taiwan,USA,Duke University,52,2017,2019,NA,2,NA,NA,NA,NA,NA, 2015 to 2019,7,139,6,23.17,19.86,30.05,1.55,4.57,5,NA,,7,6,1.14,3,42.83,6.54,9.59,10.44,1.35,12/1/21 4:46,5,0.5,96.4,100,2,2015,2019,139,6,6,3,0,4,before,assistant
76,National Chung Hsing University,Department of Entomology,Associate Professor,Kok-Boon_Neoh,1,m,non-Taiwan,Malaysia,Universiti Sains Malaysia,147,2010,2015,NA,5,NA,NA,NA,NA,NA, 2011 to 2015,19,377,10,37.7,19.84,103.13,5.57,3.68,13,6,-7,19,10,3.38,6,46.75,6.84,12.61,12.29,5.57,12/12/21 23:16,10.31,0.6,84.9,100,0,2011,2015,377,18,12,1,0,3,before,assistant
77,Academia Sinica,Biodiversity Research Center,Associate Professor,Kuo-Fang_Chung,1,m,non-Taiwan,USA,Washington University in St. Louis,107,2006,2008,NA,2,NA,NA,NA,NA,NA, 2004 to 2008,4,123,16,7.69,30.75,39.9,1.7,3.5,4,9,5,4,4,1.14,4,8.88,2.98,2.87,10.34,1.7,11/30/21 2:04,2.49,0.25,100,100,0,2005,2008,123,4,3,0,0,2,before,assistant
78,National Sun Yat-sen University,Department of Oceanography,Professor,Li-Lian_Liu,1,f,non-Taiwan,USA,Louisiana State University,900,1990,1990,1999,0,9,NA,NA,NA,NA, 1986 to 1990,6,197,35,5.63,32.83,54.67,2.17,3,4,2,-2,6,1,1.23,3,6.17,2.48,1.71,13.3,1.67,12/21/21 19:23,1.56,0.09,98,100,0,1986,1990,197,1,1,1,0,1,before,assistant
79,National Tsing Hua University,Department of Life Science,Assistant Professor,Li-Yaung_Kuo,1,m,Taiwan,Taiwan,National Taiwan University,68,2015,2020,NA,5,NA,NA,NA,NA,NA, 2016 to 2020,26,522,5,104.4,20.08,108.36,5.86,4.85,11,NA,,22,12,2.16,5,154.53,12.43,32.1,18,4.44,11/27/21 4:07,21.67,1,85.2,98.7,2,2016,2020,522,23,18,7,1,6,before,assistant
80,National Taiwan University,Institute of Ecology and Evolutionary Biology,Professor,Ling-Ling_Lee,1,f,non-Taiwan,USA,University of California; Davis,108,1986,1987,2004,1,17,NA,NA,NA,NA, 1983 to 1987,0,0,0,0,0,0,0,0,0,2,2,0,0,0,0,0,0,0,0,0,12/2/21 3:42,0,0,0,0,0,0,0,0,0,0,0,0,0,before,assistant
81,National Chung Hsing University,Department of Entomology,Professor,Man-Miao_Yang,1,f,non-Taiwan,USA,University of Maryland; College Park,158,1995,2000,2015,5,15,NA,NA,NA,NA, 1996 to 2000,3,27,24,1.13,9,13.17,1.33,2.33,2,5,3,3,1,1,2,1.16,1.08,0.57,4.58,1.33,12/12/21 17:12,0.54,0.08,92.6,100,0,1997,1998,27,0,0,0,0,1,before,assistant
82,Academia Sinica,Biodiversity Research Center,Assistant Professor,Mao-Ning_Tuanmu,1,m,non-Taiwan,USA,Michigan State University,157,2012,2016,NA,4,NA,NA,NA,NA,NA, 2012 to 2016,17,1795,9,199.44,105.59,416.5,3.33,6.24,14,8,-6,17,12,2.31,8,283.24,16.83,64.98,39.89,3.05,11/30/21 1:56,46.27,0.89,99.6,100,7,2012,2016,1795,14,14,11,4,8,before,assistant
83,National Taiwan University,Department of Entomology,Associate Professor,Matan_Shelomi,1,m,non-Taiwan,USA,University of California; Davis,108,2014,2017,NA,3,NA,NA,NA,NA,NA, 2013 to 2017,13,715,8,89.38,55,432.67,8.42,2.15,9,NA,,13,8,3.86,8,143.85,11.99,85.5,24.7,6.42,12/11/21 1:52,54.08,1,96.6,100,2,2013,2017,715,12,9,5,2,5,before,assistant
84,National Sun Yat-sen University,Doctoral Degree Program¬†in Marine Biotechnology,Assistant Professor,Mei-Fang_Lin,1,f,non-Taiwan,Australia,James Cook University,424,2016,2020,NA,4,NA,NA,NA,NA,NA, 2016 to 2020,5,67,5,13.4,13.4,12.73,0.97,5.2,5,NA,,5,5,0.96,2,18.2,4.27,3.51,6.48,0.97,12/21/21 22:05,2.54,0.4,100,100,0,2016,2019,67,5,5,1,0,3,before,assistant
85,National Chung Hsing University,Department of Entomology,Professor,Mei-Hwa_Kuo,1,f,Taiwan,Taiwan,National Chung Hsing University,675,1995,NA,2014,NA,NA,NA,NA,NA,NA,NA,NA,NA,NA,NA,NA,NA,NA,NA,NA,NA,,NA,NA,NA,NA,NA,NA,NA,NA,NA,NA,NA,NA,NA,NA,NA,NA,NA,NA,NA,NA,NA,NA,NA,before,assistant
86,National Sun Yat-sen University,Department of Oceanography,Professor,Meng-Hsien_Chen,1,f,non-Taiwan,UK,King's College London,35,1992,1992,1999,0,7,NA,NA,NA,NA, 1988 to 1992,1,10,33,0.3,10,5,0.5,2,1,3,2,1,1,0.5,1,0.3,0.55,0.15,3,0.5,12/21/21 2:22,0.15,0.03,100,100,0,1988,1988,10,0,0,0,0,0,before,assistant
87,National Chung Hsing University,Department of Life Sciences,Associate Professor,Meng-Yuan_Huang,1,m,Taiwan,Taiwan,National Taiwan Normal University,334,2011,2015,NA,4,NA,NA,NA,NA,NA, 2011 to 2015,18,910,10,91,50.56,162.28,3.67,5.11,11,7,-4,18,9,2.16,6,117.71,10.85,21.06,27.55,3,12/7/21 3:32,16.22,0.6,96.7,100,1,2011,2015,910,13,10,3,1,4,before,assistant
88,National Chung Hsing University,Department of Entomology,Assistant Professor,Ming-Cheng_Wu,1,m,non-Taiwan,UK,The University of Manchester,27,2011,2018,NA,7,NA,NA,NA,NA,NA, 2014 to 2018,8,212,7,30.29,26.5,51,2.11,4.25,6,NA,,8,6,1.33,3,38.81,6.23,9.44,13,1.62,12/13/21 1:15,7.28,0.43,96.7,100,2,2014,2017,212,6,5,3,0,3,before,assistant
89,National Chung Hsing University,Department of Life Sciences,Assistant Professor,Ming-Feng_Chuang,1,m,Taiwan,Taiwan,TUNGHAI UNIVERSITY,1201,2013,2020,NA,7,NA,NA,NA,NA,NA, 2016 to 2020,9,71,5,14.2,7.89,19.33,2.3,4.22,5,NA,,8,7,1.14,2,31.15,5.58,7.63,5.74,1.97,12/7/21 4:24,3.86,0.4,81.7,100,0,2016,2020,71,8,7,3,0,3,before,assistant
90,Academia Sinica,Biodiversity Research Center,Professor,Ming-Shiou_Jeng,1,m,Taiwan,Taiwan,National Taiwan University,68,1989,1989,2005,0,16,NA,NA,NA,NA, 1985 to 1989,1,21,36,0.58,21,10.5,0.5,2,1,4,3,1,1,0.5,1,0.58,0.76,0.29,4.47,0.5,11/30/21 1:14,0.29,0.03,100,100,0,1985,1985,21,0,0,0,0,1,before,assistant
91,National Taiwan University,Department of Life Science,Assistant Professor,Ming-Yi_Chou,1,m,Taiwan,Taiwan,National Taiwan University,68,2009,2017,NA,8,NA,NA,NA,NA,NA, 2013 to 2017,6,328,8,41,54.67,109.15,1.65,4,5,NA,,6,5,1.25,4,51.53,7.18,15.77,17.35,1.65,11/25/21 22:41,13.64,0.5,99.4,100,2,2013,2016,328,5,5,2,1,3,before,assistant
92,National Taiwan University,Department of Agricultural Chemistry,Associate Professor,Nai-Chun_LIN,1,f,non-Taiwan,USA,Cornell University,21,2004,2005,NA,1,NA,NA,NA,NA,NA,NA,3,824,19,43.37,274.67,269.92,1.08,3,3,4,1,3,3,1,3,44.78,6.69,14.91,28.55,1.08,12/31/21 3:11,14.2,0.16,100,100,2,2002,2005,824,3,3,3,0,3,before,assistant
93,National Chung Hsing University,Department of Life Sciences,Professor,Pan-Wen_Hsueh,1,m,non-Taiwan,USA,The University of Alabama,900,1992,1992,2003,0,11,NA,NA,NA,NA, 1988 to 1992,2,92,30,3.07,46,42,1.33,2,2,6,4,2,2,1,2,3.15,1.78,1.43,9.38,1.33,12/5/21 4:19,1.4,0.07,100,100,0,1991,1992,92,1,1,0,0,1,before,assistant
94,National Taiwan Normal University,Department of Life Science,Professor,Pei-Chun_Liao,1,m,Taiwan,Taiwan,National Taiwan Normal University,334,2007,2009,2017,2,8,NA,NA,NA,NA, 2005 to 2009,4,183,14,13.07,45.75,56.75,1.17,3.5,4,8,4,4,4,1.14,4,13.68,3.7,4.21,12.92,1.17,11/28/21 20:20,4.05,0.29,100,100,0,2007,2009,183,4,4,1,0,2,before,assistant
95,National Taiwan University,Institute of Ecology and Evolutionary Biology,Professor,Pei-Fen_Lee,1,m,non-Taiwan,USA,University of Michigan,23,1991,1992,2005,1,13,NA,NA,NA,NA, 1988 to 1992,2,7,29,0.24,3.5,1.75,0.5,4,1,3,2,2,0,0.25,1,0.24,0.49,0.06,2.45,0.25,12/4/21 1:39,0.06,0.03,100,100,0,1992,1992,7,0,0,0,0,0,before,assistant
96,National Taiwan Normal University,Department of Life Science,Professor,Pei-Jen_Lee_Shaner,1,f,non-Taiwan,USA,University of Virginia,226,2005,2009,2018,4,9,NA,NA,NA,NA, 2005 to 2009,3,36,15,2.4,12,14,1.67,2.33,3,6,3,3,2,1.29,3,2.56,1.6,0.99,5.2,1.67,11/28/21 21:06,0.93,0.2,100,100,0,2006,2007,36,2,0,0,0,1,before,assistant
97,National Taiwan University,Institute of Ecology and Evolutionary Biology,Assistant Professor,Po-Ju_Ke,1,m,non-Taiwan,USA,Stanford University,3,2019,2021,NA,2,NA,NA,NA,NA,NA, 2017 to 2021,14,356,4,89,25.43,119,4.51,3.64,7,NA,,14,8,2.04,5,133.42,11.55,48.58,17.41,2.45,12/5/21 3:46,29.75,1.25,98.9,100,5,2017,2021,356,10,8,6,3,6,before,assistant
98,National Chung Hsing University,Department of Life Sciences,Assistant Professor,Ren-Chung_Cheng,1,m,non-Taiwan,Republika Slovenija,University of Ljubljana,595,2016,2018,NA,2,NA,NA,NA,NA,NA, 2014 to 2018,14,280,7,40,20,86.42,4.2,3.79,9,NA,,14,8,2.31,5,48.98,7,14.56,13.11,3.95,12/7/21 4:13,12.34,0.71,90.4,100,0,2014,2017,280,12,8,5,0,5,before,assistant
99,National Sun Yat-sen University,Department of Biological Sciences,Assistant Professor,Romain_Richard,1,m,non-Taiwan,Canada,University of Calgary,235,2014,2018,NA,4,NA,NA,NA,NA,NA, 2014 to 2018,5,142,7,20.29,28.4,37.53,1.53,3.6,4,NA,,5,3,1.14,2,22.55,4.75,6.35,11.18,1.28,12/8/21 5:01,5.36,0.29,99.3,100,1,2014,2018,142,3,2,1,0,2,before,assistant
100,Academia Sinica,Biodiversity Research Center,Associate Professor,Ryuji_Machida,1,m,non-Taiwan,Japan,The University of Tokyo,23,2003,2009,NA,6,NA,NA,NA,NA,NA, 2005 to 2009,8,288,16,18,36,70.8,2.95,3.38,6,10,4,8,5,1.57,6,21.45,4.63,5.27,15.84,1.62,12/1/21 3:22,4.42,0.38,99.7,100,0,2005,2009,288,6,3,2,0,3,before,assistant
101,National Taiwan University,Department of Bioenvironmental Systems Engineering,Assistant Professor,Sau-Wai_Yam,1,f,non-Taiwan,Hong Kong,The University of Hong Kong,22,2005,2008,NA,3,NA,NA,NA,NA,NA, 2004 to 2008,5,111,16,6.94,22.2,55.5,2.25,2.4,4,5,1,5,3,2,4,7.03,2.65,3.51,9.75,2,12/18/21 16:18,3.46,0.25,100,100,0,2005,2007,111,3,1,0,0,2,before,assistant
102,Academia Sinica,Institute of Molecular Biology,Assistant Professor,See-Yeun_Ting,1,m,non-Taiwan,USA,University of Wisconsin - Madison,75,2017,2021,NA,4,NA,NA,NA,NA,NA, 2017 to 2021,3,129,4,32.25,43,27.75,0.65,4.67,3,NA,,3,3,0.64,3,55.75,7.47,11.64,10.95,0.65,12/13/21 3:25,6.93,0.75,100,100,2,2017,2020,129,3,3,3,2,3,before,assistant
103,Academia Sinica,Biodiversity Research Center,Professor,Sen-Lin_Tang,1,m,non-Taiwan,Australia,The University of Melbourne,37,2002,2006,2016,4,10,NA,NA,NA,NA, 2002 to 2006,8,792,19,41.68,99,228.42,2.23,3.75,6,11,5,8,6,1.71,6,44.61,6.68,12.99,27.46,1.78,12/1/21 1:35,12.02,0.32,99.7,100,1,2002,2006,792,6,6,5,0,5,before,assistant
104,National Taiwan University,Institute of Fisheries¬†Science,Assistant Professor,Shan-Hua_Yang,1,f,Taiwan,Taiwan,National Chung Hsing University,675,2015,2019,NA,4,NA,NA,NA,NA,NA, 2015 to 2019,7,118,5,23.6,16.86,24.58,1.68,4.71,6,NA,,7,6,1.16,3,35.13,5.93,7.02,9,1.18,12/17/21 1:49,4.91,0.6,99.2,100,1,2016,2019,118,6,6,2,0,4,before,assistant
105,National Sun Yat-sen University,Department of Marine Biotechnology and Resources,Assistant Professor,Shang-Yin_Vanson¬†Liu,1,m,Taiwan,Taiwan,National Taiwan University,68,2008,2015,NA,7,NA,NA,NA,NA,NA, 2011 to 2015,10,212,9,23.56,21.2,49.93,2.72,4.1,7,5,-2,10,6,1.63,5,27.21,5.22,6.31,12.49,1.88,12/21/21 1:02,5.54,0.56,96.7,100,1,2012,2015,212,7,6,1,0,3,before,assistant
106,National Chung Hsing University,Department of Entomology,Professor,Shaw-Yhi_Hwang,1,m,non-Taiwan,USA,University of Wisconsin - Madison,75,1997,2000,2009,3,9,NA,NA,NA,NA, 1996 to 2000,7,698,25,27.92,99.71,332.5,3,2.43,6,5,-1,7,5,2.57,6,29.9,5.47,14.17,25.73,2.67,12/12/21 5:13,13.3,0.24,100,100,0,1996,2000,698,6,5,3,0,4,before,assistant
107,National Sun Yat-sen University,Department of Biological Sciences,Associate Professor,Shen-Horn_Yen,1,m,non-Taiwan,UK,Imperial College London,7,2004,2006,NA,2,NA,NA,NA,NA,NA, 2002 to 2006,17,591,18,32.83,34.76,152.47,7.42,3.06,9,6,-3,17,5,2.38,7,36.19,6.02,9.4,21.56,5.34,12/8/21 3:47,8.47,0.39,92.4,100,1,2003,2006,591,6,4,2,0,3,before,assistant
108,Academia Sinica,Biodiversity Research Center,Professor,Sheng-Feng_Shen,1,m,non-Taiwan,USA,Cornell University,21,2009,2010,2021,1,11,NA,NA,NA,NA, 2006 to 2010,8,291,15,19.4,36.38,127.08,3.17,2.75,7,5,-2,8,5,2.58,6,23.71,4.87,10.23,15.49,2.83,12/1/21 2:33,8.47,0.4,99.3,100,0,2006,2010,291,7,5,1,0,4,before,assistant
109,National Sun Yat-sen University,Department of Biological Sciences,Assistant Professor,Shih-Hui_Liu,1,f,non-Taiwan,USA,Saint Louis University,,2017,2019,NA,2,NA,NA,NA,NA,NA, 2015 to 2019,9,110,5,22,12.22,21.67,1.75,5.22,6,NA,,9,6,1.16,2,29.77,5.46,5.83,8.25,1.35,12/8/21 5:07,4.33,0.4,94.5,100,1,2016,2019,110,7,5,1,0,3,before,assistant
110,National Taiwan Normal University,Department of Life Science,Professor,Shih-Ying_Hwang,1,m,non-Taiwan,USA,The Ohio State University,120,1993,1993,2002,0,9,NA,NA,NA,NA, 1989 to 1993,4,106,31,3.42,26.5,54,2.25,2.25,2,0,-2,4,1,1,2,3.53,1.88,1.8,10,2,11/27/21 22:55,1.74,0.06,98.1,100,0,1990,1993,106,1,1,0,0,1,before,assistant
111,National Chung Hsing University,Department of Life Sciences,Professor,"Shih,_Hsi-Te",1,m,Taiwan,Taiwan,National Sun Yat-sen University,412,1999,NA,2011,NA,NA,NA,NA,NA,NA,NA,NA,NA,NA,NA,NA,NA,NA,NA,NA,NA,,NA,NA,NA,NA,NA,NA,NA,NA,NA,NA,NA,NA,NA,NA,NA,NA,NA,NA,NA,NA,NA,NA,NA,before,assistant
112,National Taiwan University,Department of Entomology,Professor,Shiuh-Feng_Shiao,1,m,Taiwan,Taiwan,National Taiwan University,68,1997,2000,2013,3,13,NA,NA,NA,NA, 1996 to 2000,2,21,25,0.84,10.5,10.5,1,2,2,4,2,2,1,1,2,0.93,0.97,0.47,4.12,1,12/9/21 1:34,0.42,0.08,100,100,0,1996,2000,21,0,0,0,0,1,before,assistant
113,National Taiwan Normal University,Department of Life Science,Professor,Shou-Hsien_Li,1,m,non-Taiwan,USA,State University of New York,378,1997,1999,NA,2,NA,NA,NA,NA,NA, 1995 to 1999,7,690,26,26.54,98.57,241.17,3,2.43,6,6,0,7,4,2.4,6,29.72,5.45,10.37,25.57,2.5,11/28/21 1:48,9.27,0.23,100,100,1,1995,1999,690,4,3,2,0,3,before,assistant
115,National Taiwan Normal University,Department of Life Science,Professor,Si-Min_Lin,1,m,Taiwan,Taiwan,National Taiwan Normal University,334,2003,2004,2016,1,12,NA,NA,NA,NA, 2000 to 2004,3,152,19,8,50.67,45.45,0.78,4,3,5,2,3,2,0.75,2,8.03,2.83,2.4,11.96,0.78,11/28/21 3:10,2.39,0.11,100,100,0,2002,2003,152,2,2,1,0,2,before,assistant
116,National Taiwan University,Department of Agronomy,Assistant Professor,Steven_H._Wu,1,m,non-Taiwan,New Zealand,The University of Auckland,85,2010,2021,NA,11,NA,NA,NA,NA,NA, 2017 to 2021,4,53,4,13.25,13.25,9.6,0.77,5.25,3,NA,,4,3,0.56,2,21.42,4.63,3.78,6.63,0.57,12/18/21 2:22,2.4,0.5,100,100,1,2017,2021,53,3,3,1,0,3,before,assistant
117,National Cheng Kung University,Department of Life Sciences,Associate Professor,"Sung,_Huang-Mo",1,m,non-Taiwan,USA,University of Texas at Dallas,477,2002,2007,NA,5,NA,NA,NA,NA,NA, 2003 to 2007,4,260,18,14.44,65,63.65,1.03,4,4,6,2,4,4,1,4,16.4,4.05,4,15.62,1.03,12/2/21 2:02,3.53,0.22,100,100,0,2003,2007,260,4,3,2,0,3,before,assistant
118,National Cheng Kung University,Department of Life Sciences,Associate Professor,Takefumi_Nakazawa,1,m,non-Taiwan,Japan,Kyoto University,33,2008,2013,NA,5,NA,NA,NA,NA,NA, 2009 to 2013,20,781,12,65.08,39.05,296.52,8.65,3,14,8,-6,20,9,4.78,10,77.95,8.83,30.25,23.45,7.37,12/2/21 2:26,24.71,0.83,95.5,100,1,2009,2013,781,15,13,6,0,5,before,assistant
119,National Sun Yat-sen University,Department of Oceanography,Professor,Te-Yu_Liao,1,m,non-Taiwan,Sweden,Stockholm University,148,2010,2012,2021,2,9,NA,NA,NA,NA, 2008 to 2012,13,287,13,22.08,22.08,74.13,4.56,3.54,8,4,-4,13,6,1.88,5,26.62,5.16,6.92,14.11,3.23,12/21/21 20:20,5.7,0.38,91.6,100,0,2008,2012,287,7,4,1,0,3,before,assistant
120,National Taiwan Normal University,Department of Life Science,Professor,Teng-Chiu_Lin,1,m,non-Taiwan,USA,University of Kansas,387,1995,1995,2000,0,5,NA,NA,NA,NA, 1991 to 1995,1,24,29,0.83,24,6,0.25,4,1,5,4,1,1,0.25,1,0.83,0.91,0.21,4.8,0.25,11/27/21 21:59,0.2,0.03,100,100,0,1992,1992,24,0,0,0,0,1,before,assistant
121,National Taiwan University,Department of Entomology,Associate Professor,Toshinori_Okuyama,1,m,non-Taiwan,USA,University of Florida,173,2006,2008,NA,2,NA,NA,NA,NA,NA, 2004 to 2008,11,935,17,55,85,431.75,7.33,2,10,9,-1,11,8,4.76,10,65.3,8.08,31.1,28.77,6.33,12/9/21 22:08,25.39,0.59,99.3,100,3,2004,2008,935,9,8,4,1,4,before,assistant
122,National Sun Yat-sen University,Department of Marine Biotechnology and Resources,Professor,Tse-Min_Lee,1,m,Taiwan,Taiwan,National Taiwan University,68,1991,1995,2000,4,5,NA,NA,NA,NA, 1991 to 1995,12,676,30,22.53,56.33,267,4.67,2.75,7,15,8,12,6,2.58,6,24.58,4.96,9.76,24.72,4,12/20/21 21:40,8.9,0.2,97.6,100,0,1991,1995,676,6,5,2,0,3,before,assistant
123,National Tsing Hua University,Department of Life Science,Assistant Professor,Tsung-Han_Kuo,1,m,non-Taiwan,USA,Baylor College of Medicine¬†,,2012,2016,NA,4,NA,NA,NA,NA,NA, 2012 to 2016,8,571,9,63.44,71.38,132.76,2.29,4.25,6,0,-6,8,6,1.24,6,76.33,8.74,18.55,23.02,1.96,11/27/21 4:18,14.75,0.67,99.1,100,3,2012,2016,571,7,6,6,1,6,before,assistant
124,National Cheng Kung University,Department of Life Sciences,Assistant Professor,Tsyr-Huei_Chiou,1,m,non-Taiwan,USA,University of Maryland; Baltimore County,775,2008,2012,NA,4,NA,NA,NA,NA,NA, 2008 to 2012,6,464,13,35.69,77.33,101.3,1.45,4.17,6,6,0,6,5,1.44,5,39.52,6.29,8.75,20.69,1.45,12/2/21 2:51,7.79,0.38,100,100,1,2008,2012,464,5,4,2,1,4,before,assistant
125,National Chung Hsing University,Department of Horticulture,Associate Professor,Tung-Chi_Liu,1,m,non-Taiwan,Japan,Chiba University,477,2000,NA,NA,NA,NA,NA,NA,NA,NA,NA,NA,NA,NA,NA,NA,NA,NA,NA,NA,NA,,NA,NA,NA,NA,NA,NA,NA,NA,NA,NA,NA,NA,NA,NA,NA,NA,NA,NA,NA,NA,NA,NA,NA,before,assistant
126,National Cheng Kung University,Department of Life Sciences,Professor,Tzen-Yuh_Chiang,1,m,non-Taiwan,USA,Washington University in St. Louis,107,1994,1996,2001,2,5,NA,NA,NA,NA, 1992 to 1996,3,16,26,0.62,5.33,16,3,1,2,19,17,3,1,2,2,0.62,0.79,0.62,3.16,2,12/2/21 1:31,0.61,0.08,87.5,100,0,1995,1996,16,0,0,0,0,0,before,assistant
127,Academia Sinica,Biodiversity Research Center,Assistant Professor,Tzu-Hao_Lin,1,m,Taiwan,Taiwan,National Taiwan University,68,2013,2020,NA,7,NA,NA,NA,NA,NA, 2016 to 2020,13,106,5,21.2,8.15,32.4,3.44,4.08,5,NA,,10,7,1.47,4,54.6,7.39,17.28,8.25,1.98,12/1/21 4:58,6.48,0.8,87.7,100,2,2016,2020,106,7,7,4,0,4,before,assistant
128,National Sun Yat-sen University,Department of Oceanography,Assistant Professor,Tzu-Hsuan_Tu,1,f,Taiwan,Taiwan,National Taiwan University,68,2014,2019,NA,5,NA,NA,NA,NA,NA, 2015 to 2019,10,109,6,18.17,10.9,25.5,2.32,4.7,7,NA,,10,7,1.44,3,28.02,5.29,5.99,7.07,2.07,12/21/21 20:58,4.25,0.5,90.8,100,0,2015,2019,109,9,7,2,0,3,before,assistant
129,National Taiwan University,Department of Forestry and Resource Conservation,Professor,Tzung-Su_Ding,1,m,non-Taiwan,USA,University of California; Davis,108,2001,2002,2019,1,17,NA,NA,NA,NA, 1998 to 2002,0,0,0,0,0,0,0,0,0,12,12,0,0,0,0,0,0,0,0,0,12/16/21 21:01,0,0,0,0,0,0,0,0,0,0,0,0,0,before,assistant
130,National Taiwan University,School of Veterinary Medicine,Associate Professor,Wei-Cheng_Yang,1,m,Taiwan,Taiwan,National Taiwan University,68,2008,2009,NA,1,NA,NA,NA,NA,NA, 2005 to 2009,5,61,15,4.07,12.2,15.8,1.4,3.8,4,4,0,5,4,1,3,4.4,2.1,1.15,6.71,1.07,12/4/21 4:20,1.05,0.2,100,100,0,2006,2008,61,4,0,0,0,1,before,assistant
131,National Taiwan University,Institute of Oceanography,Professor,Wei-Jen_Chen,1,m,non-Taiwan,France,Universit√© Paris VI,,2001,2010,2017,9,7,NA,NA,NA,NA, 2006 to 2010,17,1225,15,81.67,72.06,352.52,5.34,3.65,14,19,5,17,12,4,12,96.04,9.8,28.04,31.89,4.93,12/14/21 3:58,23.5,0.8,99,100,3,2006,2010,1225,14,13,10,0,6,before,assistant
132,National Taiwan Normal University,Graduate Institute of Environmental Education,Professor,Wei-Ta_Fang,1,m,non-Taiwan,USA,Texas A&M University,168,2005,2008,2019,3,11,NA,NA,NA,NA, 2004 to 2008,4,24,16,1.5,6,11,2.83,1.75,2,6,4,4,1,0.8,2,1.81,1.34,0.81,4.12,1.83,12/20/21 19:16,0.68,0.13,87.5,100,0,2005,2008,24,1,0,0,0,1,before,assistant
133,National Chung Hsing University,Department of Entomology,Professor,Wen-Bin_Yeh,1,m,Taiwan,Taiwan,National Chung Hsing University,675,1998,1998,2015,0,17,NA,NA,NA,NA, 1994 to 1998,3,109,27,4.04,36.33,45.67,1.17,2.67,3,3,0,3,2,1.13,3,4.35,2.09,1.8,10,1.17,12/12/21 17:08,1.69,0.11,100,100,0,1994,1998,109,2,1,0,0,2,before,assistant
134,National Taiwan University,Department of Agronomy,Associate Professor,Wen-Po_Chuang,1,m,non-Taiwan,USA,Pennsylvania State University,96,2012,2014,NA,2,NA,NA,NA,NA,NA, 2010 to 2014,3,208,7,29.71,69.33,79.5,1,3.33,3,7,4,3,3,0.9,3,29.71,5.45,11.36,14.11,1,12/17/21 2:26,11.35,0.43,100,100,1,2014,2014,208,3,3,3,0,3,before,assistant
135,National Sun Yat-sen University,Department of Marine Biotechnology and Resources,Professor,Wen-Tseng_Lo,1,m,non-Taiwan,USA,Texas A&M University,168,1995,1995,2005,0,10,NA,NA,NA,NA, 1991 to 1995,0,0,0,0,0,0,0,0,0,1,1,0,0,0,0,0,0,0,0,0,12/20/21 15:36,0,0,0,0,0,0,0,0,0,0,0,0,0,before,assistant
136,National Taiwan University,Institute of Ecology and Evolutionary Biology,Professor,Wen-Yuan_Kao,1,f,non-Taiwan,USA,University of Maryland; College Park,158,1992,1994,2006,2,12,NA,NA,NA,NA, 1990 to 1994,4,78,29,2.69,19.5,35.83,1.83,2.25,4,7,3,4,2,1.78,3,2.75,1.66,1.26,7.87,1.83,12/5/21 2:52,1.23,0.1,100,100,0,1992,1994,78,1,0,0,0,1,before,assistant
137,National Cheng Kung University,Department of Life Sciences,Professor,Ya-Fu_Lee,1,m,non-Taiwan,USA,The University of Tennessee,545,1999,2002,2010,3,8,NA,NA,NA,NA, 1998 to 2002,3,193,20,9.65,64.33,96.5,1.5,2,3,7,4,3,3,1.5,3,9.85,3.14,4.92,13.56,1.5,12/2/21 2:11,4.82,0.15,100,100,0,2001,2002,193,3,3,0,0,2,before,assistant
138,Academia Sinica,Institute of Cellular and Organismic Biology,Associate Professor,Ya-Hui_Chou,1,f,Taiwan,Taiwan,National Defense Medical Center,,2003,2011,NA,8,NA,NA,NA,NA,NA,NA,4,554,14,39.57,138.5,110.42,0.82,5,4,0,-4,4,4,0.8,4,48.13,6.94,9.57,23.19,0.82,12/13/21 3:57,7.88,0.29,100,100,2,2007,2011,554,4,4,3,1,3,before,assistant
139,National Chung Hsing University,Department of Forestry,Professor,Yen-Hsueh_Tseng,1,m,Taiwan,Taiwan,National Taiwan University,68,1990,NA,2005,NA,NA,NA,NA,NA,NA,NA,NA,NA,NA,NA,NA,NA,NA,NA,NA,NA,,NA,NA,NA,NA,NA,NA,NA,NA,NA,NA,NA,NA,NA,NA,NA,NA,NA,NA,NA,NA,NA,NA,NA,before,assistant
140,National Yang Ming Chiao Tung University,Department of Biological Science and Technology,Associate Professor,Yeong-Shin_Lin_,1,m,Taiwan,Taiwan,National Yang Ming Chiao Tung University,268,2005,2007,NA,2,NA,NA,NA,NA,NA, 2003 to 2007,7,321,17,18.88,45.86,81.15,1.82,4,7,5,-2,7,5,1.75,6,21.2,4.6,5.36,16.49,1.82,12/15/21 14:14,4.77,0.35,100,100,0,2004,2007,321,6,4,2,0,3,before,assistant
141,National Taiwan University,Institute of Oceanography,Associate Professor,Yi-Jay_Chang,1,m,Taiwan,Taiwan,National Taiwan University,68,2011,2016,NA,5,NA,NA,NA,NA,NA, 2017 to 2021,10,89,4,22.25,8.9,20.27,2.47,4.3,5,NA,,9,8,1.25,2,40.25,6.34,10.06,7.21,1.93,12/15/21 4:11,5.06,0.5,86.5,97.8,1,2017,2021,89,10,8,3,0,3,before,assistant
142,Academia Sinica,Biodiversity Research Center,Associate Professor,Yin-Ru_Chiang,1,m,non-Taiwan,Germany,University of Freiburg,172,2007,2012,NA,5,NA,NA,NA,NA,NA, 2008 to 2012,6,258,13,19.85,43,53.15,1.25,4.83,6,11,5,6,6,1.24,5,21.95,4.69,4.53,14.9,1.25,11/28/21 22:42,4.08,0.38,100,100,0,2008,2012,258,6,5,1,0,3,before,assistant
143,National Taiwan University,Department of Bioenvironmental Systems Engineering,Assistant Professor,Yo-Jin_Shiau,1,m,non-Taiwan,USA,North Carolina State University,300,2014,2019,NA,5,NA,NA,NA,NA,NA, 2015 to 2019,13,176,5,35.2,13.54,38.95,2.93,4.77,9,NA,,13,9,1.93,4,50.2,7.09,10.92,8.94,2.48,12/18/21 16:31,7.79,0.8,91.5,100,1,2016,2019,176,11,10,4,0,5,before,assistant
144,Academia Sinica,Biodiversity Research Center,Associate Professor,Yoko_Nozawa,1,m,non-Taiwan,Japan,Kyushu University,137,2006,2009,NA,3,NA,NA,NA,NA,NA, 2005 to 2009,6,400,16,25,66.67,222.33,3.17,2.17,6,14,8,6,6,2.77,6,28.83,5.37,16.27,19.08,3.17,12/1/21 3:06,13.89,0.38,100,100,0,2005,2008,400,6,5,3,0,3,before,assistant
145,National Sun Yat-sen University,Department of Biological Sciences,Professor,Yu-Chung_Chiang,1,m,Taiwan,Taiwan,National Taiwan Normal University,334,2002,2002,2014,0,12,NA,NA,NA,NA, 1998 to 2002,8,370,23,16.09,46.25,84.42,2.18,3.88,7,7,0,8,4,1.75,5,18.33,4.28,4.16,17.83,2.18,12/8/21 2:53,3.67,0.22,99.2,100,0,1998,2002,370,4,2,2,0,2,before,assistant
146,National Taiwan Normal University,Department of Life Science,Professor,Yu-Feng_Hsu,1,m,non-Taiwan,USA,University of California; Berkeley¬†,32,1995,1995,2007,0,12,NA,NA,NA,NA, 1991 to 1995,2,10,29,0.34,5,5,1,2,1,1,0,2,1,0.5,1,0.37,0.61,0.19,3,0.5,11/27/21 22:21,0.17,0.03,100,100,0,1992,1994,10,0,0,0,0,0,before,assistant
147,National Chung Hsing University,Department of Life Sciences,Assistant Professor,Yu-Hsin_Tseng,1,f,Taiwan,Taiwan,National Taiwan University,68,2015,2021,NA,6,NA,NA,NA,NA,NA, 2017 to 2021,13,75,4,18.75,5.77,15.98,2.69,5.15,5,NA,,8,7,0.93,2,36.83,6.07,7.95,5.48,2.02,12/7/21 4:36,3.99,0.5,73.3,92,0,2017,2021,75,10,7,3,0,4,before,assistant
148,Academia Sinica,Institute of Plant and Microbial Biology,Professor,Yu-Ming_Ju,1,m,non-Taiwan,USA,Washington State University,427,1995,1999,2008,4,9,NA,NA,NA,NA, 1995 to 1999,25,1099,26,42.27,43.96,493.17,9.92,2.76,16,11,-5,25,6,5.95,10,46.14,6.79,20.78,27.78,8.83,12/13/21 1:51,18.96,0.38,93.5,100,0,1995,1999,1099,13,6,2,0,4,before,assistant
149,National Taiwan University,Department of Animal Science and Technology,Professor,Yu-Ten_Ju,1,m,Taiwan,Taiwan,National Yang Ming Chiao Tung University,268,1999,2002,2015,3,13,NA,NA,NA,NA, 1998 to 2002,2,137,23,5.96,68.5,26.57,0.37,5.5,2,4,2,2,2,0.36,2,6.01,2.45,1.16,11.53,0.37,12/18/21 22:04,1.15,0.09,100,100,0,1998,1999,137,2,1,0,0,1,before,assistant
150,Academia Sinica,Institute of Cellular and Organismic Biology,Assistant Professor,Yung-Che_Tseng,1,m,Taiwan,Taiwan,National Taiwan University,68,2008,2015,NA,7,NA,NA,NA,NA,NA, 2011 to 2015,21,686,10,68.6,32.67,143.2,4.48,4.81,14,8,-6,21,10,2.93,7,86.26,9.29,17.94,20.98,4.08,12/13/21 4:09,14.32,0.7,92.7,100,2,2011,2015,686,18,15,7,0,5,before,assistant
151,National Taiwan Normal University,Department of Life Science,Professor,Yuying_Hsu,1,f,non-Taiwan,USA,Syracuse University,675,1997,2002,2010,5,8,NA,NA,NA,NA, 1998 to 2002,4,834,22,37.91,208.5,404.17,1.83,2.25,4,8,4,4,4,1.78,4,40.04,6.33,19.41,28.6,1.83,11/28/21 2:08,18.37,0.18,100,100,2,1999,2001,834,4,4,3,0,4,before,assistant
1,Academia Sinica,Biodiversity Research Center,Professor,Benny_Kwok_Kan_Chan,1,m,non-Taiwan,China,The University of Hong Kong,22,2000,2005,2016,5,11,NA,NA,NA,NA, 2012 to 2016,10,176,9,19.56,17.6,43.78,2.62,4,9,7,-2,10,7,2.19,4,27.67,5.26,6.86,9.75,2.28,11/28/21 17:22,4.86,0.44,100,100,0,2012,2016,176,9,7,1,0,3,before,full
2,National Taiwan University,Department of Forestry and Resource Conservation,Professor,Biing_T._Guan,1,m,non-Taiwan,USA,University of Illinois at Urbana-Champaign,82,1991,1995,2005,4,10,NA,NA,NA,NA, 2001 to 2005,3,16,20,0.8,5.33,6.67,1.17,2.67,3,5,2,3,1,1.13,1,0.87,0.93,0.36,2.65,1.17,12/17/21 1:12,0.33,0.05,100,100,0,2001,2003,16,0,0,0,0,0,before,full
3,National Cheng Kung University,Institute of Tropical Plant Sciences and Microbiology,Assistant Professor,Chao-Li_Huang,1,m,Taiwan,Taiwan,National Cheng Kung University,252,2015,2017,NA,2,NA,NA,NA,NA,NA,NA,NA,NA,NA,NA,NA,NA,NA,NA,NA,NA,,NA,NA,NA,NA,NA,NA,NA,NA,NA,NA,NA,NA,NA,NA,NA,NA,NA,NA,NA,NA,NA,NA,NA,before,full
4,Academia Sinica,Biodiversity Research Center,Professor,Chaolun_Allen_Chen,1,m,non-Taiwan,Australia,James Cook University,424,1995,1997,2010,2,13,NA,NA,NA,NA, 2006 to 2010,32,1433,15,95.53,44.78,309.08,7.29,4.66,20,24,4,32,12,4.49,11,110.97,10.53,23.97,30.4,6,12/1/21 0:38,20.6,0.73,92.4,100,1,2006,2010,1433,26,18,8,1,6,before,full
5,National Taiwan University,Department of Life Science,Professor,Chau-Ti_Ting,1,f,Taiwan,Taiwan,National Taiwan University,68,1991,2000,2020,9,20,NA,NA,NA,NA, 2016 to 2020,7,36,5,7.2,5.14,7.11,1.46,5,4,NA,,6,5,0.8,2,15.5,3.94,3.35,4.24,1.04,11/21/21 1:39,1.42,0.4,94.4,100,0,2016,2020,36,5,5,1,0,3,before,full
6,National Tsing Hua University,Department of Life Science,Assistant Professor,Chen_Siang_Ng,1,m,non-Taiwan,USA,University of California; Davis,108,2009,2016,NA,7,NA,NA,NA,NA,NA,NA,NA,NA,NA,NA,NA,NA,NA,NA,NA,NA,,NA,NA,NA,NA,NA,NA,NA,NA,NA,NA,NA,NA,NA,NA,NA,NA,NA,NA,NA,NA,NA,NA,NA,before,full
7,National Chung Hsing University,Department of Horticulture,Professor,Chen-Fa_Wu,1,m,Taiwan,Taiwan,National Taipei University,1201,2005,2007,2017,2,10,NA,NA,NA,NA, 2013 to 2017,8,133,8,16.63,16.63,37.67,3.25,2.88,5,NA,,8,4,1.56,3,19.4,4.4,5.51,10.1,2.25,12/20/21 17:28,4.7,0.38,95.5,100,1,2013,2017,133,4,2,1,0,2,before,full
8,National Taiwan University,Institute of Ecology and Evolutionary Biology,Associate Professor,Cheng-Ruei_Lee,1,m,non-Taiwan,USA,Duke University,52,2013,2016,NA,3,NA,NA,NA,NA,NA,NA,NA,NA,NA,NA,NA,NA,NA,NA,NA,NA,,NA,NA,NA,NA,NA,NA,NA,NA,NA,NA,NA,NA,NA,NA,NA,NA,NA,NA,NA,NA,NA,NA,NA,before,full
9,National Taiwan University,Department of Life Science,Assistant Professor,Cheng-Hsiu_Tsai,1,m,non-Taiwan,NZ,University of Otago,194,2015,2018,NA,3,NA,NA,NA,NA,NA,NA,NA,NA,NA,NA,NA,NA,NA,NA,NA,NA,,NA,NA,NA,NA,NA,NA,NA,NA,NA,NA,NA,NA,NA,NA,NA,NA,NA,NA,NA,NA,NA,NA,NA,before,full
10,National Chung Hsing University,Department of Soil¬†and Environmental Sciences,Associate Professor,Cheng-Hua_Huang,1,m,non-Taiwan,USA,University of Florida,173,2009,2014,NA,5,NA,NA,NA,NA,NA,NA,NA,NA,NA,NA,NA,NA,NA,NA,NA,NA,,NA,NA,NA,NA,NA,NA,NA,NA,NA,NA,NA,NA,NA,NA,NA,NA,NA,NA,NA,NA,NA,NA,NA,before,full
11,National Taiwan Normal University,Department of Life Science,Associate Professor,Chi-Chien_Kuo,1,m,non-Taiwan,USA,University of California; Davis,108,2010,2014,NA,4,NA,NA,NA,NA,NA,NA,NA,NA,NA,NA,NA,NA,NA,NA,NA,NA,,NA,NA,NA,NA,NA,NA,NA,NA,NA,NA,NA,NA,NA,NA,NA,NA,NA,NA,NA,NA,NA,NA,NA,before,full
12,National Taiwan University,Department of Entomology,Associate Professor,Chi-Wei_Tsai,1,m,non-Taiwan,USA,The Ohio State University,120,2006,2009,NA,3,NA,NA,NA,NA,NA,NA,NA,NA,NA,NA,NA,NA,NA,NA,NA,NA,,NA,NA,NA,NA,NA,NA,NA,NA,NA,NA,NA,NA,NA,NA,NA,NA,NA,NA,NA,NA,NA,NA,NA,before,full
13,National Chung Hsing University,Department of Plant Pathology,Associate Professor,Chi-Yu_Chen,1,m,Taiwan,Taiwan,National Chung Hsing University,675,2003,2005,NA,2,NA,NA,NA,NA,NA,NA,NA,NA,NA,NA,NA,NA,NA,NA,NA,NA,,NA,NA,NA,NA,NA,NA,NA,NA,NA,NA,NA,NA,NA,NA,NA,NA,NA,NA,NA,NA,NA,NA,NA,before,full
14,National Chung Hsing University,Department of Plant Pathology,Assistant Professor,Chia-Ching_Chu,1,m,non-Taiwan,USA,University of Illinois at Urbana-Champaign,82,2014,2017,NA,3,NA,NA,NA,NA,NA,NA,NA,NA,NA,NA,NA,NA,NA,NA,NA,NA,,NA,NA,NA,NA,NA,NA,NA,NA,NA,NA,NA,NA,NA,NA,NA,NA,NA,NA,NA,NA,NA,NA,NA,before,full
15,National Sun Yat-sen University,Department of Biological Sciences,Assistant Professor,Chia-Hao_Chang-Yang,1,m,Taiwan,Taiwan,National Taiwan University,68,2013,2018,NA,5,NA,NA,NA,NA,NA,NA,NA,NA,NA,NA,NA,NA,NA,NA,NA,NA,,NA,NA,NA,NA,NA,NA,NA,NA,NA,NA,NA,NA,NA,NA,NA,NA,NA,NA,NA,NA,NA,NA,NA,before,full
17,National Taiwan University,Institute of Fisheries¬†Science,Associate Professor,Chia-Ying_Ko,1,f,Taiwan,Taiwan,National Taiwan University,68,2009,2016,NA,7,NA,NA,NA,NA,NA,NA,NA,NA,NA,NA,NA,NA,NA,NA,NA,NA,,NA,NA,NA,NA,NA,NA,NA,NA,NA,NA,NA,NA,NA,NA,NA,NA,NA,NA,NA,NA,NA,NA,NA,before,full
18,Academia Sinica,Biodiversity Research Center,Assistant Professor,Chien-Hsiang_Lin,1,m,non-Taiwan,Italy,University of Bari,900,2017,2020,NA,3,NA,NA,NA,NA,NA,NA,NA,NA,NA,NA,NA,NA,NA,NA,NA,NA,,NA,NA,NA,NA,NA,NA,NA,NA,NA,NA,NA,NA,NA,NA,NA,NA,NA,NA,NA,NA,NA,NA,NA,before,full
19,National Taiwan University,Department of Life Science,Assistant Professor,Chih-Han_Chang,1,m,non-Taiwan,USA,Johns Hopkins University,25,2015,2019,NA,4,NA,NA,NA,NA,NA,NA,NA,NA,NA,NA,NA,NA,NA,NA,NA,NA,,NA,NA,NA,NA,NA,NA,NA,NA,NA,NA,NA,NA,NA,NA,NA,NA,NA,NA,NA,NA,NA,NA,NA,before,full
20,National Taiwan University,Institute of Oceanography,Professor,Chih-Hao_Hsieh,1,m,non-Taiwan,USA,University of California; San Diego,48,2006,2007,2014,1,7,NA,NA,NA,NA, 2010 to 2014,30,2450,11,222.73,81.67,470.23,6.51,4.87,19,16,-3,30,14,3.72,9,277.56,16.66,53.16,44.54,5.82,12/11/21 3:00,42.74,0.82,95.7,100,4,2010,2014,2450,25,20,10,2,7,before,full
21,Academia Sinica,Institute of Plant and Microbial Biology,Associate Professor,Chih-Horng_Kuo,1,m,non-Taiwan,USA,The University of Georgia,545,2008,2010,NA,2,NA,NA,NA,NA,NA,NA,NA,NA,NA,NA,NA,NA,NA,NA,NA,NA,,NA,NA,NA,NA,NA,NA,NA,NA,NA,NA,NA,NA,NA,NA,NA,NA,NA,NA,NA,NA,NA,NA,NA,before,full
22,National Taiwan University,Institute of Oceanography,Associate Professor,Chih-Lin_Wei,1,m,non-Taiwan,USA,Texas A&M University,168,2011,2014,NA,3,NA,NA,NA,NA,NA,NA,NA,NA,NA,NA,NA,NA,NA,NA,NA,NA,,NA,NA,NA,NA,NA,NA,NA,NA,NA,NA,NA,NA,NA,NA,NA,NA,NA,NA,NA,NA,NA,NA,NA,before,full
23,Academia Sinica,Biodiversity Research Center,Associate Professor,Chih-Ming_Hung,1,m,non-Taiwan,USA,University of Minnesota,186,2012,2016,NA,4,NA,NA,NA,NA,NA,NA,NA,NA,NA,NA,NA,NA,NA,NA,NA,NA,,NA,NA,NA,NA,NA,NA,NA,NA,NA,NA,NA,NA,NA,NA,NA,NA,NA,NA,NA,NA,NA,NA,NA,before,full
24,Academia Sinica,Biodiversity Research Center,Professor,Chih-Yu_Chiu,1,m,non-Taiwan,Japan,University of Tsukuba,285,1988,1988,2003,0,15,NA,NA,NA,NA,NA,NA,NA,NA,NA,NA,NA,NA,NA,NA,NA,,NA,NA,NA,NA,NA,NA,NA,NA,NA,NA,NA,NA,NA,NA,NA,NA,NA,NA,NA,NA,NA,NA,NA,before,full
26,National Chung Hsing University,Department of Forestry,Professor,Chiung-Pin_Liu,1,f,Taiwan,Taiwan,National Chung Hsing University,675,1999,NA,2011,NA,NA,NA,NA,NA,NA, 2007 to 2011,7,240,14,17.14,34.29,68.5,2.16,3.86,5,1,-4,7,4,1.25,4,22.51,4.74,6.28,14.42,2.17,12/31/21 3:16,4.89,0.29,97.1,100,1,2007,2011,240,4,4,2,0,2,before,full
27,Academia Sinica,Institute of Plant and Microbial Biology,Assistant Professor,Chuan_Ku,1,m,non-Taiwan,Germany,University of D√ºsseldorf,775,2016,2019,NA,3,NA,NA,NA,NA,NA,NA,NA,NA,NA,NA,NA,NA,NA,NA,NA,NA,,NA,NA,NA,NA,NA,NA,NA,NA,NA,NA,NA,NA,NA,NA,NA,NA,NA,NA,NA,NA,NA,NA,NA,before,full
28,National Tsing Hua University,Department of Life Science,Professor,Chuan-Chin_Chiao,1,m,non-Taiwan,USA,University of Maryland; Baltimore County,775,2000,2002,2012,2,10,NA,NA,NA,NA, 2008 to 2012,28,1103,13,84.85,39.39,276.85,8.8,3.64,15,12,-3,28,11,3.57,10,97.09,9.85,24.25,28.2,6.27,11/26/21 4:46,21.29,0.77,92.5,100,4,2008,2012,1103,20,12,5,0,5,before,full
29,National Taiwan University,Institute of Ecology and Evolutionary Biology,Professor,Chuan-Kai_Ho,1,m,non-Taiwan,USA,University of Houston,725,2008,2011,2021,3,10,NA,NA,NA,NA, 2017 to 2021,5,21,4,5.25,4.2,5.21,1.34,4.2,3,NA,,4,4,0.82,2,9.25,3.04,2.09,3.32,0.87,12/4/21 2:55,1.3,0.5,95.2,100,0,2017,2021,21,4,1,1,0,1,before,full
30,National Chung Hsing University,Department of Life Sciences,Assistant Professor,Chuan-Wen_Ho,1,f,Taiwan,Taiwan,National Cheng Kung University,252,2013,2019,NA,6,NA,NA,NA,NA,NA,NA,NA,NA,NA,NA,NA,NA,NA,NA,NA,NA,,NA,NA,NA,NA,NA,NA,NA,NA,NA,NA,NA,NA,NA,NA,NA,NA,NA,NA,NA,NA,NA,NA,NA,before,full
31,National Taiwan University,Department of Entomology,Professor,Chun-Che_Chang,1,m,non-Taiwan,UK,University of Cambridge,3,2001,2003,2014,2,11,NA,NA,NA,NA, 2010 to 2014,4,68,11,6.18,17,12.95,0.82,5,4,5,1,4,3,0.8,2,7.47,2.73,1.46,7.21,0.82,12/10/21 2:21,1.17,0.18,100,100,0,2010,2014,68,3,1,0,0,2,before,full
32,National Taiwan University,Department of Agronomy,Assistant Professor,Chun-Huo_Chiu,1,m,Taiwan,Taiwan,National Yang Ming Chiao Tung University,268,2010,2017,NA,7,NA,NA,NA,NA,NA,NA,NA,NA,NA,NA,NA,NA,NA,NA,NA,NA,,NA,NA,NA,NA,NA,NA,NA,NA,NA,NA,NA,NA,NA,NA,NA,NA,NA,NA,NA,NA,NA,NA,NA,before,full
33,National Taiwan University,Department of Life Science,Professor,Chun-Neng_Wang,1,m,non-Taiwan,UK,University of Edinburgh,16,2003,2005,2019,2,14,NA,NA,NA,NA, 2015 to 2019,23,728,6,121.33,31.65,168.89,4.96,4.96,10,NA,,23,10,1.92,5,300.97,17.35,72.15,23.79,3.82,11/21/21 4:48,28.14,0.83,91.5,100,1,2015,2019,728,23,12,6,1,5,before,full
34,National Taiwan Normal University,Department of Life Science,Professor,Chung-Chi_Chen,1,m,non-Taiwan,USA,University of Maryland; Baltimore County,775,1998,2001,2008,3,7,NA,NA,NA,NA, 2004 to 2008,8,632,17,37.18,79,180.9,2.03,4.5,8,12,4,8,5,1.78,5,44.61,6.68,12.72,23.83,2.03,11/28/21 1:14,10.64,0.29,100,100,1,2004,2008,632,7,4,3,1,3,before,full
35,National Chung Hsing University,Department of Forestry,Assistant Professor,Chung-I_Chen,1,m,Taiwan,Taiwan,National Taiwan University,68,2016,2019,NA,3,NA,NA,NA,NA,NA,NA,NA,NA,NA,NA,NA,NA,NA,NA,NA,NA,,NA,NA,NA,NA,NA,NA,NA,NA,NA,NA,NA,NA,NA,NA,NA,NA,NA,NA,NA,NA,NA,NA,NA,before,full
36,National Taiwan Normal University,Department of Life Science,Professor,Chung-Ping_Lin,1,m,non-Taiwan,USA,Cornell University,21,2003,2004,2011,1,7,NA,NA,NA,NA, 2007 to 2011,9,220,14,15.71,24.44,71.82,3.54,3.33,7,8,1,9,6,1.96,5,19.31,4.39,6.46,12.77,3.28,11/28/21 2:58,5.13,0.36,96.4,100,0,2007,2011,220,7,4,0,0,3,before,full
37,National Tsing Hua University,Department of Life Science,Professor,Chyng-Shyan_Tzeng,1,m,Taiwan,Taiwan,National Taiwan University,68,1991,1995,NA,4,NA,NA,NA,NA,NA,NA,NA,NA,NA,NA,NA,NA,NA,NA,NA,NA,,NA,NA,NA,NA,NA,NA,NA,NA,NA,NA,NA,NA,NA,NA,NA,NA,NA,NA,NA,NA,NA,NA,NA,before,full
38,National Taiwan University,Institute of Ecology and Evolutionary Biology,Associate Professor,David_Zelen√Ω,1,m,non-Taiwan,Czech Republic,University of South Bohemia in Ceske Budejovice,NA,2008,2015,NA,7,NA,NA,NA,NA,NA,NA,NA,NA,NA,NA,NA,NA,NA,NA,NA,NA,,NA,NA,NA,NA,NA,NA,NA,NA,NA,NA,NA,NA,NA,NA,NA,NA,NA,NA,NA,NA,NA,NA,NA,before,full
39,National Taiwan University,Department of Life Science,Associate Professor,Dian-Han_Kuo,1,m,non-Taiwan,USA,University of Texas at Austin,67,2004,2012,NA,8,NA,NA,NA,NA,NA,NA,NA,NA,NA,NA,NA,NA,NA,NA,NA,NA,,NA,NA,NA,NA,NA,NA,NA,NA,NA,NA,NA,NA,NA,NA,NA,NA,NA,NA,NA,NA,NA,NA,NA,before,full
40,National Taiwan University,Department of Entomology,Professor,En-Cheng_Yang,1,m,non-Taiwan,Australia,The Australien National University,27,1994,1999,2010,5,11,NA,NA,NA,NA, 2006 to 2010,15,1046,15,69.73,69.73,262.48,4.17,4,13,12,-1,15,10,3.25,10,80.56,8.98,20.18,29.41,4.18,12/9/21 20:37,17.49,0.67,98.9,100,2,2006,2010,1046,13,12,3,1,4,before,full
41,National Taiwan University,Department of Forestry and Resource Conservation,Professor,Fang-Hua_Chu,1,f,Taiwan,Taiwan,National Chung Hsing University,675,1999,2003,2012,4,9,NA,NA,NA,NA, 2008 to 2012,22,464,13,35.69,21.09,107.57,5.8,4.14,11,13,2,21,7,2.37,5,44.36,6.66,10.3,17.03,4.18,12/17/21 4:20,8.27,0.38,88.6,99.8,1,2008,2012,464,11,7,2,0,4,before,full
42,National Chung Hsing University,Department of Soil¬†and Environmental Sciences,Associate Professor,Fo-Ting_Shen,1,m,Taiwan,Taiwan,National Chung Hsing University,675,2006,2011,NA,5,NA,NA,NA,NA,NA,NA,NA,NA,NA,NA,NA,NA,NA,NA,NA,NA,,NA,NA,NA,NA,NA,NA,NA,NA,NA,NA,NA,NA,NA,NA,NA,NA,NA,NA,NA,NA,NA,NA,NA,before,full
43,National Taiwan University,Department of Plant Pathology and Microbiology,Assistant Professor,Hiran_A._Ariyawansa,1,m,non-Taiwan,Thailand,Mae Fah Luang University,NA,2015,2017,NA,2,NA,NA,NA,NA,NA,NA,NA,NA,NA,NA,NA,NA,NA,NA,NA,NA,,NA,NA,NA,NA,NA,NA,NA,NA,NA,NA,NA,NA,NA,NA,NA,NA,NA,NA,NA,NA,NA,NA,NA,before,full
44,National Taiwan University,Department of Life Science,Professor,Hon-Tsen_Yu,1,m,non-Taiwan,USA,University of California; Berkeley¬†,32,1992,1994,2013,2,19,NA,NA,NA,NA, 2009 to 2013,10,633,10,63.3,63.3,112.94,2.03,5.3,9,5,-4,10,6,1.76,4,65.14,8.07,11.69,23.32,2.03,11/21/21 4:19,11.29,0.4,98.7,100,1,2011,2013,633,9,5,2,1,4,before,full
45,National Chung Hsing University,Department of Entomology,Professor,Hou-Feng_Li,1,m,non-Taiwan,USA,University of Florida,173,2009,2013,2020,4,7,NA,NA,NA,NA, 2016 to 2020,24,207,5,41.4,8.63,47.13,6.1,4.25,7,NA,,13,10,1.48,3,65.27,8.08,14.9,10.2,3.62,12/12/21 22:46,9.42,0.6,73.9,90.8,1,2016,2020,207,19,15,3,0,4,before,full
46,National Chung Hsing University,Department of Forestry,Assistant Professor,Hsiang-Ling_Chen,1,f,non-Taiwan,USA,The University of Arizona,268,2014,2018,NA,4,NA,NA,NA,NA,NA,NA,NA,NA,NA,NA,NA,NA,NA,NA,NA,NA,,NA,NA,NA,NA,NA,NA,NA,NA,NA,NA,NA,NA,NA,NA,NA,NA,NA,NA,NA,NA,NA,NA,NA,before,full
47,National Cheng Kung University,Department of Biotechnology and Bioindustry Sciences,Assistant Professor,Hsiao-Pei_Lu,1,f,Taiwan,Taiwan,National Taiwan University,68,2013,2019,NA,6,NA,NA,NA,NA,NA,NA,NA,NA,NA,NA,NA,NA,NA,NA,NA,NA,,NA,NA,NA,NA,NA,NA,NA,NA,NA,NA,NA,NA,NA,NA,NA,NA,NA,NA,NA,NA,NA,NA,NA,before,full
48,National Taiwan University,Department of Forestry and Resource Conservation,Professor,Hsiao-Wei_Yuan,1,f,non-Taiwan,USA,Cornell University,21,1993,1994,2005,1,11,NA,NA,NA,NA, 2001 to 2005,6,127,17,7.47,21.17,33.42,1.65,3.83,6,11,5,6,3,1.57,4,7.85,2.8,2.06,9.54,1.65,12/16/21 20:22,1.96,0.24,100,100,0,2004,2005,127,3,1,0,0,1,before,full
49,National Taiwan University,Department of Life Science,Associate Professor,Hsin-Hung_Chou,1,m,non-Taiwan,USA,Harvard University,5,2009,2015,NA,6,NA,NA,NA,NA,NA,NA,NA,NA,NA,NA,NA,NA,NA,NA,NA,NA,,NA,NA,NA,NA,NA,NA,NA,NA,NA,NA,NA,NA,NA,NA,NA,NA,NA,NA,NA,NA,NA,NA,NA,before,full
50,National Chung Hsing University,Department of Life Sciences,Professor,Hsing-Juh_Lin,1,m,non-Taiwan,USA,University of Rhode Island,1100,1994,1999,2006,5,7,NA,NA,NA,NA, 2002 to 2006,10,316,19,16.63,31.6,89.97,3.07,3.7,9,16,7,10,6,2.38,6,19,4.36,5.32,15.26,2.73,12/5/21 4:54,4.73,0.32,99.4,100,0,2002,2006,316,9,4,0,0,3,before,full
51,National Sun Yat-sen University,Department of Marine Biotechnology and Resources,Assistant Professor,Hsiu-Chin_Lin,1,f,non-Taiwan,USA,University of California; San Diego,48,2009,2014,NA,5,NA,NA,NA,NA,NA,NA,NA,NA,NA,NA,NA,NA,NA,NA,NA,NA,,NA,NA,NA,NA,NA,NA,NA,NA,NA,NA,NA,NA,NA,NA,NA,NA,NA,NA,NA,NA,NA,NA,NA,before,full
52,National Taiwan University,Department of Life Science,Professor,Hsiu-Hui_Shih,1,f,Taiwan,Taiwan,National Taiwan University,68,NA,1991,2004,NA,13,NA,NA,NA,NA, 2000 to 2004,8,301,20,15.05,37.63,149.97,4.53,2.63,7,0,-7,8,5,2.88,7,16.73,4.09,8.5,15.81,4.28,12/31/21 2:45,7.49,0.35,99.3,100,0,2001,2004,301,5,3,1,0,3,before,full
54,National Cheng Kung University,Department of Life Sciences,Assistant Professor,Yu-Hsun_Hsu,1,f,non-Taiwan,NZ,University of Otago,194,2014,2018,NA,4,NA,NA,NA,NA,NA,NA,NA,NA,NA,NA,NA,NA,NA,NA,NA,NA,,NA,NA,NA,NA,NA,NA,NA,NA,NA,NA,NA,NA,NA,NA,NA,NA,NA,NA,NA,NA,NA,NA,NA,before,full
55,National Chung Hsing University,Department of Forestry,Professor,Hsy-Yu_Tzeng,1,m,Taiwan,Taiwan,National Chung Hsing University,675,2003,2007,2018,4,11,NA,NA,NA,NA, 2014 to 2018,10,115,7,16.43,11.5,24.04,1.97,5.3,6,NA,,10,6,1.2,4,23.8,4.88,4.99,8.06,1.73,12/20/21 16:36,3.43,0.57,87.8,100,0,2014,2018,115,8,5,1,0,3,before,full
56,National Sun Yat-sen University,Department of Biological Sciences,Assistant Professor,"Huang,_Shu-Ping",1,f,Taiwan,Taiwan,National Taiwan Normal University,334,2008,2015,NA,7,NA,NA,NA,NA,NA,NA,NA,NA,NA,NA,NA,NA,NA,NA,NA,NA,,NA,NA,NA,NA,NA,NA,NA,NA,NA,NA,NA,NA,NA,NA,NA,NA,NA,NA,NA,NA,NA,NA,NA,before,full
57,National Taiwan University,Institute of Oceanography,Associate Professor,Hui-Yu_Wang,1,f,non-Taiwan,USA,University of Michigan,23,2009,2011,NA,2,NA,NA,NA,NA,NA,NA,NA,NA,NA,NA,NA,NA,NA,NA,NA,NA,,NA,NA,NA,NA,NA,NA,NA,NA,NA,NA,NA,NA,NA,NA,NA,NA,NA,NA,NA,NA,NA,NA,NA,before,full
58,National Taiwan University,Department of Entomology,Assistant Professor,Hui-Yun_Tseng,1,f,Taiwan,Taiwan,TUNGHAI UNIVERSITY,1201,2017,2019,NA,2,NA,NA,NA,NA,NA,NA,NA,NA,NA,NA,NA,NA,NA,NA,NA,NA,,NA,NA,NA,NA,NA,NA,NA,NA,NA,NA,NA,NA,NA,NA,NA,NA,NA,NA,NA,NA,NA,NA,NA,before,full
59,National Chung Hsing University,Department of Horticulture,Assistant Professor,Hung-Ming_Tu,1,m,Taiwan,Taiwan,National Taiwan University,68,2017,2018,NA,1,NA,NA,NA,NA,NA,NA,NA,NA,NA,NA,NA,NA,NA,NA,NA,NA,,NA,NA,NA,NA,NA,NA,NA,NA,NA,NA,NA,NA,NA,NA,NA,NA,NA,NA,NA,NA,NA,NA,NA,before,full
61,National Taiwan University,College of Medicine,Professor,Hurng-Yi_Wang,1,m,Taiwan,Taiwan,National Taiwan Normal University,334,2000,2006,2015,6,9,NA,NA,NA,NA, 2011 to 2015,16,934,10,93.4,58.38,181.56,3.54,4.94,12,8,-4,16,8,2.29,6,128.51,11.34,25.17,27.48,3.34,12/4/21 2:31,18.15,0.6,96.3,100,3,2011,2015,934,15,10,5,2,5,before,full
62,National Cheng Kung University,Department of Life Sciences,Associate Professor,I-Ching_Chen,1,f,non-Taiwan,UK,University of York,151,2011,2012,NA,1,NA,NA,NA,NA,NA,NA,NA,NA,NA,NA,NA,NA,NA,NA,NA,NA,,NA,NA,NA,NA,NA,NA,NA,NA,NA,NA,NA,NA,NA,NA,NA,NA,NA,NA,NA,NA,NA,NA,NA,before,full
63,Academia Sinica,Biodiversity Research Center,Associate Professor,Isheng_Jason_Tsai,1,m,non-Taiwan,UK,Imperial College London,7,2009,2015,NA,6,NA,NA,NA,NA,NA,NA,NA,NA,NA,NA,NA,NA,NA,NA,NA,NA,,NA,NA,NA,NA,NA,NA,NA,NA,NA,NA,NA,NA,NA,NA,NA,NA,NA,NA,NA,NA,NA,NA,NA,before,full
64,National Taiwan University,Institute of Oceanography,Professor,Jen-Chieh_Shiao,1,m,Taiwan,Taiwan,National Taiwan University,68,2002,2006,2015,4,9,NA,NA,NA,NA, 2011 to 2015,15,303,10,30.3,20.2,80.18,4,4.13,11,6,-5,15,7,2.63,5,36.77,6.06,9.79,12.88,3.47,12/12/21 2:55,8.01,0.5,94.7,100,0,2011,2015,303,12,7,3,0,3,before,full
65,Academia Sinica,Biodiversity Research Center,Assistant Professor,Jen-Pan_Huang,1,m,non-Taiwan,USA,University of Michigan,23,2016,2019,NA,3,NA,NA,NA,NA,NA,NA,NA,NA,NA,NA,NA,NA,NA,NA,NA,NA,,NA,NA,NA,NA,NA,NA,NA,NA,NA,NA,NA,NA,NA,NA,NA,NA,NA,NA,NA,NA,NA,NA,NA,before,full
66,National Chung Hsing University,Department of Entomology,Professor,Jeng-Tze_Yang,1,m,Taiwan,Taiwan,National Chung Hsing University,675,1993,1993,2003,0,10,NA,NA,NA,NA, 1999 to 2003,6,58,22,2.64,9.67,24.42,2.58,2.5,5,3,-2,6,2,1.92,3,3,1.73,1.27,5.39,2.58,12/12/21 4:01,1.11,0.14,93.1,100,0,1999,2003,58,1,0,0,0,1,before,full
67,National Taiwan Normal University,Department of Life Science,Professor,Jenn-Che_Wang,1,m,Taiwan,Taiwan,National Taiwan University,68,1988,1988,1996,0,8,NA,NA,NA,NA, 1992 to 1996,6,34,29,1.17,5.67,27,3.75,2,4,4,0,5,1,2.67,3,1.3,1.14,1.04,4.12,3,11/27/21 22:42,0.93,0.1,97.1,100,0,1992,1996,34,0,0,0,0,1,before,full
68,National Taiwan University,Institute of Ecology and Evolutionary Biology,Professor,Jer-Ming_Hu,1,m,non-Taiwan,USA,University of California; Davis,108,2000,2001,2017,1,16,NA,NA,NA,NA, 2013 to 2017,12,296,8,37,24.67,74.78,4.01,3.67,9,NA,,12,7,2.13,6,53.91,7.34,13.21,14.28,3.52,12/2/21 3:25,9.34,0.75,96.3,100,2,2013,2017,296,9,7,5,0,5,before,full
70,National Taiwan University,Department of Plant Pathology and Microbiology,Assistant Professor,Jiue-in_Yang,1,f,non-Taiwan,USA,University of California; Riverside,403,2012,2015,NA,3,NA,NA,NA,NA,NA,NA,NA,NA,NA,NA,NA,NA,NA,NA,NA,NA,,NA,NA,NA,NA,NA,NA,NA,NA,NA,NA,NA,NA,NA,NA,NA,NA,NA,NA,NA,NA,NA,NA,NA,before,full
71,Academia Sinica,Biodiversity Research Center,Associate Professor,John_Wang,1,m,non-Taiwan,USA,Stanford University,3,2002,2010,NA,8,NA,NA,NA,NA,NA,NA,NA,NA,NA,NA,NA,NA,NA,NA,NA,NA,,NA,NA,NA,NA,NA,NA,NA,NA,NA,NA,NA,NA,NA,NA,NA,NA,NA,NA,NA,NA,NA,NA,NA,before,full
72,Academia Sinica,Institute of Cellular and Organismic Biology,Associate Professor,Jr-Kai_Yu,1,m,non-Taiwan,USA,University of California; San Diego,48,2005,2007,NA,2,NA,NA,NA,NA,NA,NA,NA,NA,NA,NA,NA,NA,NA,NA,NA,NA,,NA,NA,NA,NA,NA,NA,NA,NA,NA,NA,NA,NA,NA,NA,NA,NA,NA,NA,NA,NA,NA,NA,NA,before,full
73,Academia Sinica,Institute of Molecular Biology,Professor,Jun-Yi_Leu,1,m,non-Taiwan,USA,Yale University,14,1999,2006,2013,7,7,NA,NA,NA,NA, 2009 to 2013,11,772,12,64.33,70.18,244.58,3.65,3.36,11,11,0,11,11,3.27,10,79.4,8.91,24.69,25.51,3.65,12/13/21 3:07,20.38,0.83,100,100,4,2009,2013,772,11,11,7,0,6,before,full
74,National Sun Yat-sen University,Department of Oceanography,Professor,Keryea_Soong,1,m,non-Taiwan,USA,University of Texas at Austin,67,1990,1990,1994,0,4,NA,NA,NA,NA, 1990 to 1994,8,555,31,17.9,69.38,453.1,5.7,1.88,7,7,0,8,3,3.77,6,19.16,4.38,15.62,22.34,5.7,12/21/21 20:01,14.61,0.19,98.7,100,0,1990,1994,555,3,3,3,0,3,before,full
75,Academia Sinica,Biodiversity Research Center,Assistant Professor,Ko-Hsuan_Chen,1,f,non-Taiwan,USA,Duke University,52,2017,2019,NA,2,NA,NA,NA,NA,NA,NA,NA,NA,NA,NA,NA,NA,NA,NA,NA,NA,,NA,NA,NA,NA,NA,NA,NA,NA,NA,NA,NA,NA,NA,NA,NA,NA,NA,NA,NA,NA,NA,NA,NA,before,full
76,National Chung Hsing University,Department of Entomology,Associate Professor,Kok-Boon_Neoh,1,m,non-Taiwan,Malaysia,Universiti Sains Malaysia,147,2010,2015,NA,5,NA,NA,NA,NA,NA,NA,NA,NA,NA,NA,NA,NA,NA,NA,NA,NA,,NA,NA,NA,NA,NA,NA,NA,NA,NA,NA,NA,NA,NA,NA,NA,NA,NA,NA,NA,NA,NA,NA,NA,before,full
77,Academia Sinica,Biodiversity Research Center,Associate Professor,Kuo-Fang_Chung,1,m,non-Taiwan,USA,Washington University in St. Louis,107,2006,2008,NA,2,NA,NA,NA,NA,NA,NA,NA,NA,NA,NA,NA,NA,NA,NA,NA,NA,,NA,NA,NA,NA,NA,NA,NA,NA,NA,NA,NA,NA,NA,NA,NA,NA,NA,NA,NA,NA,NA,NA,NA,before,full
78,National Sun Yat-sen University,Department of Oceanography,Professor,Li-Lian_Liu,1,f,non-Taiwan,USA,Louisiana State University,900,1990,1990,1999,0,9,NA,NA,NA,NA, 1995 to 1999,11,83,26,3.19,7.55,38.95,4.48,2.82,5,3,-2,9,2,1.92,4,3.43,1.85,1.61,6.93,2.7,12/21/21 19:32,1.49,0.15,88,98.8,0,1995,1999,83,1,0,0,0,1,before,full
79,National Tsing Hua University,Department of Life Science,Assistant Professor,Li-Yaung_Kuo,1,m,Taiwan,Taiwan,National Taiwan University,68,2015,2020,NA,5,NA,NA,NA,NA,NA,NA,NA,NA,NA,NA,NA,NA,NA,NA,NA,NA,,NA,NA,NA,NA,NA,NA,NA,NA,NA,NA,NA,NA,NA,NA,NA,NA,NA,NA,NA,NA,NA,NA,NA,before,full
80,National Taiwan University,Institute of Ecology and Evolutionary Biology,Professor,Ling-Ling_Lee,1,f,non-Taiwan,USA,University of California; Davis,108,1986,1987,2004,1,17,NA,NA,NA,NA, 2000 to 2004,12,257,21,12.24,21.42,109.5,5.34,2.5,7,6,-1,12,4,3.27,7,14.2,3.77,5.98,14.39,3.33,12/5/21 3:16,5.21,0.33,99.6,100,0,2000,2004,257,5,2,1,0,2,before,full
81,National Chung Hsing University,Department of Entomology,Professor,Man-Miao_Yang,1,f,non-Taiwan,USA,University of Maryland; College Park,158,1995,2000,2015,5,15,NA,NA,NA,NA, 2011 to 2015,19,508,10,50.8,26.74,114.08,4.18,4.84,13,7,-6,19,10,2.77,7,59.94,7.74,13.44,17.49,3.93,12/12/21 17:22,11.4,0.7,93.5,100,1,2011,2015,508,15,12,4,0,4,before,full
82,Academia Sinica,Biodiversity Research Center,Assistant Professor,Mao-Ning_Tuanmu,1,m,non-Taiwan,USA,Michigan State University,157,2012,2016,NA,4,NA,NA,NA,NA,NA,NA,NA,NA,NA,NA,NA,NA,NA,NA,NA,NA,,NA,NA,NA,NA,NA,NA,NA,NA,NA,NA,NA,NA,NA,NA,NA,NA,NA,NA,NA,NA,NA,NA,NA,before,full
83,National Taiwan University,Department of Entomology,Associate Professor,Matan_Shelomi,1,m,non-Taiwan,USA,University of California; Davis,108,2014,2017,NA,3,NA,NA,NA,NA,NA,NA,NA,NA,NA,NA,NA,NA,NA,NA,NA,NA,,NA,NA,NA,NA,NA,NA,NA,NA,NA,NA,NA,NA,NA,NA,NA,NA,NA,NA,NA,NA,NA,NA,NA,before,full
84,National Sun Yat-sen University,Doctoral Degree Program¬†in Marine Biotechnology,Assistant Professor,Mei-Fang_Lin,1,f,non-Taiwan,Australia,James Cook University,424,2016,2020,NA,4,NA,NA,NA,NA,NA,NA,NA,NA,NA,NA,NA,NA,NA,NA,NA,NA,,NA,NA,NA,NA,NA,NA,NA,NA,NA,NA,NA,NA,NA,NA,NA,NA,NA,NA,NA,NA,NA,NA,NA,before,full
85,National Chung Hsing University,Department of Entomology,Professor,Mei-Hwa_Kuo,1,f,Taiwan,Taiwan,National Chung Hsing University,675,1995,NA,2014,NA,NA,NA,NA,NA,NA, 2010 to 2014,10,181,11,16.45,18.1,54.52,2.78,4,8,5,-3,10,6,2.06,5,21.41,4.63,6.46,10.15,2.78,12/12/21 16:24,4.95,0.45,92.3,100,0,2010,2014,181,9,5,0,0,3,before,full
86,National Sun Yat-sen University,Department of Oceanography,Professor,Meng-Hsien_Chen,1,f,non-Taiwan,UK,King's College London,35,1992,1992,1999,0,7,NA,NA,NA,NA, 1995 to 1999,6,169,26,6.5,28.17,83,3,2.67,4,8,4,6,2,1.78,4,7.27,2.7,3.57,12.29,1.83,12/21/21 4:27,3.19,0.15,98.8,100,0,1995,1999,169,2,1,0,0,2,before,full
87,National Chung Hsing University,Department of Life Sciences,Associate Professor,Meng-Yuan_Huang,1,m,Taiwan,Taiwan,National Taiwan Normal University,334,2011,2015,NA,4,NA,NA,NA,NA,NA,NA,NA,NA,NA,NA,NA,NA,NA,NA,NA,NA,,NA,NA,NA,NA,NA,NA,NA,NA,NA,NA,NA,NA,NA,NA,NA,NA,NA,NA,NA,NA,NA,NA,NA,before,full
88,National Chung Hsing University,Department of Entomology,Assistant Professor,Ming-Cheng_Wu,1,m,non-Taiwan,UK,The University of Manchester,27,2011,2018,NA,7,NA,NA,NA,NA,NA,NA,NA,NA,NA,NA,NA,NA,NA,NA,NA,NA,,NA,NA,NA,NA,NA,NA,NA,NA,NA,NA,NA,NA,NA,NA,NA,NA,NA,NA,NA,NA,NA,NA,NA,before,full
89,National Chung Hsing University,Department of Life Sciences,Assistant Professor,Ming-Feng_Chuang,1,m,Taiwan,Taiwan,TUNGHAI UNIVERSITY,1201,2013,2020,NA,7,NA,NA,NA,NA,NA,NA,NA,NA,NA,NA,NA,NA,NA,NA,NA,NA,,NA,NA,NA,NA,NA,NA,NA,NA,NA,NA,NA,NA,NA,NA,NA,NA,NA,NA,NA,NA,NA,NA,NA,before,full
90,Academia Sinica,Biodiversity Research Center,Professor,Ming-Shiou_Jeng,1,m,Taiwan,Taiwan,National Taiwan University,68,1989,1989,2005,0,16,NA,NA,NA,NA, 2001 to 2005,12,440,20,22,36.67,139.37,4.37,3,9,5,-4,12,5,2.79,6,25.59,5.06,7.99,18.49,4.03,11/30/21 1:34,6.96,0.3,96.1,100,0,2001,2005,440,8,4,2,0,3,before,full
91,National Taiwan University,Department of Life Science,Assistant Professor,Ming-Yi_Chou,1,m,Taiwan,Taiwan,National Taiwan University,68,2009,2017,NA,8,NA,NA,NA,NA,NA,NA,NA,NA,NA,NA,NA,NA,NA,NA,NA,NA,,NA,NA,NA,NA,NA,NA,NA,NA,NA,NA,NA,NA,NA,NA,NA,NA,NA,NA,NA,NA,NA,NA,NA,before,full
92,National Taiwan University,Department of Agricultural Chemistry,Associate Professor,Nai-Chun_LIN,1,f,non-Taiwan,USA,Cornell University,21,2004,2005,NA,1,NA,NA,NA,NA,NA,NA,NA,NA,NA,NA,NA,NA,NA,NA,NA,NA,,NA,NA,NA,NA,NA,NA,NA,NA,NA,NA,NA,NA,NA,NA,NA,NA,NA,NA,NA,NA,NA,NA,NA,before,full
93,National Chung Hsing University,Department of Life Sciences,Professor,Pan-Wen_Hsueh,1,m,non-Taiwan,USA,The University of Alabama,900,1992,1992,2003,0,11,NA,NA,NA,NA, 1999 to 2003,6,98,20,4.9,16.33,77.67,4.83,1.5,6,4,-2,6,2,4,5,5.15,2.27,4.08,7.87,4.83,12/5/21 4:32,3.88,0.25,100,100,0,2001,2003,98,2,0,0,0,1,before,full
94,National Taiwan Normal University,Department of Life Science,Professor,Pei-Chun_Liao,1,m,Taiwan,Taiwan,National Taiwan Normal University,334,2007,2009,2017,2,8,NA,NA,NA,NA, 2013 to 2017,19,209,8,26.13,11,43.25,4.08,4.95,9,NA,,13,7,1.69,3,41.58,6.45,8.57,8.72,3.43,11/28/21 20:43,5.4,0.38,75.1,89.5,1,2013,2017,209,15,7,1,0,3,before,full
95,National Taiwan University,Institute of Ecology and Evolutionary Biology,Professor,Pei-Fen_Lee,1,m,non-Taiwan,USA,University of Michigan,23,1991,1992,2005,1,13,NA,NA,NA,NA, 2001 to 2005,11,589,18,32.72,53.55,180.58,3.35,3.64,9,11,2,11,6,2.53,7,35.43,5.95,10.8,22.25,3.35,12/5/21 3:33,10.03,0.39,97.8,100,1,2003,2005,589,7,6,2,0,3,before,full
96,National Taiwan Normal University,Department of Life Science,Professor,Pei-Jen_Lee_Shaner,1,f,non-Taiwan,USA,University of Virginia,226,2005,2009,2018,4,9,NA,NA,NA,NA, 2014 to 2018,13,253,7,36.14,19.46,68.88,4.12,3.46,8,NA,,13,6,2.21,4,44.59,6.68,12.43,12.92,3.62,11/28/21 21:40,9.84,0.57,91.3,100,1,2014,2018,253,11,5,2,0,3,before,full
97,National Taiwan University,Institute of Ecology and Evolutionary Biology,Assistant Professor,Po-Ju_Ke,1,m,non-Taiwan,USA,Stanford University,3,2019,2021,NA,2,NA,NA,NA,NA,NA,NA,NA,NA,NA,NA,NA,NA,NA,NA,NA,NA,,NA,NA,NA,NA,NA,NA,NA,NA,NA,NA,NA,NA,NA,NA,NA,NA,NA,NA,NA,NA,NA,NA,NA,before,full
98,National Chung Hsing University,Department of Life Sciences,Assistant Professor,Ren-Chung_Cheng,1,m,non-Taiwan,Republika Slovenija,University of Ljubljana,595,2016,2018,NA,2,NA,NA,NA,NA,NA,NA,NA,NA,NA,NA,NA,NA,NA,NA,NA,NA,,NA,NA,NA,NA,NA,NA,NA,NA,NA,NA,NA,NA,NA,NA,NA,NA,NA,NA,NA,NA,NA,NA,NA,before,full
99,National Sun Yat-sen University,Department of Biological Sciences,Assistant Professor,Romain_Richard,1,m,non-Taiwan,Canada,University of Calgary,235,2014,2018,NA,4,NA,NA,NA,NA,NA,NA,NA,NA,NA,NA,NA,NA,NA,NA,NA,NA,,NA,NA,NA,NA,NA,NA,NA,NA,NA,NA,NA,NA,NA,NA,NA,NA,NA,NA,NA,NA,NA,NA,NA,before,full
100,Academia Sinica,Biodiversity Research Center,Associate Professor,Ryuji_Machida,1,m,non-Taiwan,Japan,The University of Tokyo,23,2003,2009,NA,6,NA,NA,NA,NA,NA,NA,NA,NA,NA,NA,NA,NA,NA,NA,NA,NA,,NA,NA,NA,NA,NA,NA,NA,NA,NA,NA,NA,NA,NA,NA,NA,NA,NA,NA,NA,NA,NA,NA,NA,before,full
101,National Taiwan University,Department of Bioenvironmental Systems Engineering,Assistant Professor,Sau-Wai_Yam,1,f,non-Taiwan,Hong Kong,The University of Hong Kong,22,2005,2008,NA,3,NA,NA,NA,NA,NA,NA,NA,NA,NA,NA,NA,NA,NA,NA,NA,NA,,NA,NA,NA,NA,NA,NA,NA,NA,NA,NA,NA,NA,NA,NA,NA,NA,NA,NA,NA,NA,NA,NA,NA,before,full
102,Academia Sinica,Institute of Molecular Biology,Assistant Professor,See-Yeun_Ting,1,m,non-Taiwan,USA,University of Wisconsin - Madison,75,2017,2021,NA,4,NA,NA,NA,NA,NA,NA,NA,NA,NA,NA,NA,NA,NA,NA,NA,NA,,NA,NA,NA,NA,NA,NA,NA,NA,NA,NA,NA,NA,NA,NA,NA,NA,NA,NA,NA,NA,NA,NA,NA,before,full
103,Academia Sinica,Biodiversity Research Center,Professor,Sen-Lin_Tang,1,m,non-Taiwan,Australia,The University of Melbourne,37,2002,2006,2016,4,10,NA,NA,NA,NA, 2012 to 2016,29,934,9,103.78,32.21,203.71,6.37,4.86,18,10,-8,29,16,3.56,8,148.92,12.2,31.97,22.05,5.93,12/1/21 1:50,22.63,0.89,86.7,100,2,2012,2016,934,26,25,15,0,8,before,full
104,National Taiwan University,Institute of Fisheries¬†Science,Assistant Professor,Shan-Hua_Yang,1,f,Taiwan,Taiwan,National Chung Hsing University,675,2015,2019,NA,4,NA,NA,NA,NA,NA,NA,NA,NA,NA,NA,NA,NA,NA,NA,NA,NA,,NA,NA,NA,NA,NA,NA,NA,NA,NA,NA,NA,NA,NA,NA,NA,NA,NA,NA,NA,NA,NA,NA,NA,before,full
105,National Sun Yat-sen University,Department of Marine Biotechnology and Resources,Assistant Professor,Shang-Yin_Vanson¬†Liu,1,m,Taiwan,Taiwan,National Taiwan University,68,2008,2015,NA,7,NA,NA,NA,NA,NA,NA,NA,NA,NA,NA,NA,NA,NA,NA,NA,NA,,NA,NA,NA,NA,NA,NA,NA,NA,NA,NA,NA,NA,NA,NA,NA,NA,NA,NA,NA,NA,NA,NA,NA,before,full
106,National Chung Hsing University,Department of Entomology,Professor,Shaw-Yhi_Hwang,1,m,non-Taiwan,USA,University of Wisconsin - Madison,75,1997,2000,2009,3,9,NA,NA,NA,NA, 2005 to 2009,6,217,15,14.47,36.17,67.42,1.75,3.5,5,8,3,6,5,1.39,5,16.96,4.12,5.28,13.75,1.75,12/12/21 5:21,4.49,0.33,98.6,100,0,2006,2009,217,5,2,1,0,2,before,full
107,National Sun Yat-sen University,Department of Biological Sciences,Associate Professor,Shen-Horn_Yen,1,m,non-Taiwan,UK,Imperial College London,7,2004,2006,NA,2,NA,NA,NA,NA,NA,NA,NA,NA,NA,NA,NA,NA,NA,NA,NA,NA,,NA,NA,NA,NA,NA,NA,NA,NA,NA,NA,NA,NA,NA,NA,NA,NA,NA,NA,NA,NA,NA,NA,NA,before,full
108,Academia Sinica,Biodiversity Research Center,Professor,Sheng-Feng_Shen,1,m,non-Taiwan,USA,Cornell University,21,2009,2010,2021,1,11,NA,NA,NA,NA, 2017 to 2021,21,171,4,42.75,8.14,39.93,5.57,4.1,7,NA,,12,10,1.53,3,82.92,9.11,18.5,9.54,2.95,12/1/21 2:50,9.98,0.75,81.9,95.9,1,2017,2021,171,15,12,7,0,6,before,full
109,National Sun Yat-sen University,Department of Biological Sciences,Assistant Professor,Shih-Hui_Liu,1,f,non-Taiwan,USA,Saint Louis University,NA,2017,2019,NA,2,NA,NA,NA,NA,NA,NA,NA,NA,NA,NA,NA,NA,NA,NA,NA,NA,,NA,NA,NA,NA,NA,NA,NA,NA,NA,NA,NA,NA,NA,NA,NA,NA,NA,NA,NA,NA,NA,NA,NA,before,full
110,National Taiwan Normal University,Department of Life Science,Professor,Shih-Ying_Hwang,1,m,non-Taiwan,USA,The Ohio State University,120,1993,1993,2002,0,9,NA,NA,NA,NA, 1998 to 2002,5,287,22,13.05,57.4,83.12,1.62,3.4,5,13,8,5,4,1.47,4,14.41,3.8,4.23,16.19,1.62,11/27/21 23:06,3.77,0.18,100,100,0,1999,2002,287,4,3,1,0,3,before,full
111,National Chung Hsing University,Department of Life Sciences,Professor,"Shih,_Hsi-Te",1,m,Taiwan,Taiwan,National Sun Yat-sen University,412,1999,NA,2011,NA,NA,NA,NA,NA,NA,NA,NA,NA,NA,NA,NA,NA,NA,NA,NA,NA,,NA,NA,NA,NA,NA,NA,NA,NA,NA,NA,NA,NA,NA,NA,NA,NA,NA,NA,NA,NA,NA,NA,NA,before,full
112,National Taiwan University,Department of Entomology,Professor,Shiuh-Feng_Shiao,1,m,Taiwan,Taiwan,National Taiwan University,68,1997,2000,2013,3,13,NA,NA,NA,NA, 2009 to 2013,7,80,10,8,11.43,35,3,2.57,4,5,1,7,3,1.6,4,8.85,2.97,3.91,7.75,2,12/9/21 1:48,3.5,0.4,95,100,0,2011,2013,80,3,1,0,0,2,before,full
113,National Taiwan Normal University,Department of Life Science,Professor,Shou-Hsien_Li,1,m,non-Taiwan,USA,State University of New York,378,1997,1999,NA,2,NA,NA,NA,NA,NA,NA,NA,NA,NA,NA,NA,NA,NA,NA,NA,NA,,NA,NA,NA,NA,NA,NA,NA,NA,NA,NA,NA,NA,NA,NA,NA,NA,NA,NA,NA,NA,NA,NA,NA,before,full
115,National Taiwan Normal University,Department of Life Science,Professor,Si-Min_Lin,1,m,Taiwan,Taiwan,National Taiwan Normal University,334,2003,2004,2016,1,12,NA,NA,NA,NA, 2012 to 2016,23,336,9,37.33,14.61,85.27,6.1,4,11,7,-4,17,8,2.52,5,54.19,7.36,13.51,11.96,4.93,11/28/21 3:20,9.47,0.56,78.6,93.5,1,2012,2016,336,18,10,3,0,4,before,full
116,National Taiwan University,Department of Agronomy,Assistant Professor,Steven_H._Wu,1,m,non-Taiwan,NZ,The University of Auckland,85,2010,2021,NA,11,NA,NA,NA,NA,NA,NA,NA,NA,NA,NA,NA,NA,NA,NA,NA,NA,,NA,NA,NA,NA,NA,NA,NA,NA,NA,NA,NA,NA,NA,NA,NA,NA,NA,NA,NA,NA,NA,NA,NA,before,full
117,National Cheng Kung University,Department of Life Sciences,Associate Professor,"Sung,_Huang-Mo",1,m,non-Taiwan,USA,University of Texas at Dallas,477,2002,2007,NA,5,NA,NA,NA,NA,NA,NA,NA,NA,NA,NA,NA,NA,NA,NA,NA,NA,,NA,NA,NA,NA,NA,NA,NA,NA,NA,NA,NA,NA,NA,NA,NA,NA,NA,NA,NA,NA,NA,NA,NA,before,full
118,National Cheng Kung University,Department of Life Sciences,Associate Professor,Takefumi_Nakazawa,1,m,non-Taiwan,Japan,Kyoto University,33,2008,2013,NA,5,NA,NA,NA,NA,NA,NA,NA,NA,NA,NA,NA,NA,NA,NA,NA,NA,,NA,NA,NA,NA,NA,NA,NA,NA,NA,NA,NA,NA,NA,NA,NA,NA,NA,NA,NA,NA,NA,NA,NA,before,full
119,National Sun Yat-sen University,Department of Oceanography,Professor,Te-Yu_Liao,1,m,non-Taiwan,Sweden,Stockholm University,148,2010,2012,2021,2,9,NA,NA,NA,NA, 2017 to 2021,18,58,4,14.5,3.22,13.47,4.94,4.11,4,NA,,6,9,0.89,2,34.25,5.85,8,4.58,2.15,12/21/21 20:31,3.36,0.5,63.8,77.6,0,2017,2021,58,10,10,1,0,3,before,full
120,National Taiwan Normal University,Department of Life Science,Professor,Teng-Chiu_Lin,1,m,non-Taiwan,USA,University of Kansas,387,1995,1995,2000,0,5,NA,NA,NA,NA, 1996 to 2000,7,247,25,9.88,35.29,66.52,2.53,4,5,8,3,7,4,1.19,4,10.84,3.29,2.91,14.59,2.53,11/27/21 22:05,2.66,0.16,96.4,100,0,1996,2000,247,4,3,0,0,2,before,full
121,National Taiwan University,Department of Entomology,Associate Professor,Toshinori_Okuyama,1,m,non-Taiwan,USA,University of Florida,173,2006,2008,NA,2,NA,NA,NA,NA,NA,NA,NA,NA,NA,NA,NA,NA,NA,NA,NA,NA,,NA,NA,NA,NA,NA,NA,NA,NA,NA,NA,NA,NA,NA,NA,NA,NA,NA,NA,NA,NA,NA,NA,NA,before,full
122,National Sun Yat-sen University,Department of Marine Biotechnology and Resources,Professor,Tse-Min_Lee,1,m,Taiwan,Taiwan,National Taiwan University,68,1991,1995,2000,4,5,NA,NA,NA,NA, 1996 to 2000,22,830,25,33.2,37.73,413.17,12.08,2.18,15,6,-9,22,6,6.43,11,35.51,5.96,17.8,23.6,8.75,12/20/21 22:01,16.52,0.44,94.2,100,0,1996,2000,830,13,5,1,0,3,before,full
123,National Tsing Hua University,Department of Life Science,Assistant Professor,Tsung-Han_Kuo,1,m,non-Taiwan,USA,Baylor College of Medicine¬†,NA,2012,2016,NA,4,NA,NA,NA,NA,NA,NA,NA,NA,NA,NA,NA,NA,NA,NA,NA,NA,,NA,NA,NA,NA,NA,NA,NA,NA,NA,NA,NA,NA,NA,NA,NA,NA,NA,NA,NA,NA,NA,NA,NA,before,full
124,National Cheng Kung University,Department of Life Sciences,Assistant Professor,Tsyr-Huei_Chiou,1,m,non-Taiwan,USA,University of Maryland; Baltimore County,775,2008,2012,NA,4,NA,NA,NA,NA,NA,NA,NA,NA,NA,NA,NA,NA,NA,NA,NA,NA,,NA,NA,NA,NA,NA,NA,NA,NA,NA,NA,NA,NA,NA,NA,NA,NA,NA,NA,NA,NA,NA,NA,NA,before,full
125,National Chung Hsing University,Department of Horticulture,Associate Professor,Tung-Chi_Liu,1,m,non-Taiwan,Japan,Chiba University,477,2000,NA,NA,NA,NA,NA,NA,NA,NA,NA,NA,NA,NA,NA,NA,NA,NA,NA,NA,NA,,NA,NA,NA,NA,NA,NA,NA,NA,NA,NA,NA,NA,NA,NA,NA,NA,NA,NA,NA,NA,NA,NA,NA,before,full
126,National Cheng Kung University,Department of Life Sciences,Professor,Tzen-Yuh_Chiang,1,m,non-Taiwan,USA,Washington University in St. Louis,107,1994,1996,2001,2,5,NA,NA,NA,NA, 1997 to 2001,41,1545,24,64.38,37.68,472.2,16.7,3.22,19,16,-3,39,10,5.47,13,72.34,8.51,21.99,32.48,8.3,12/2/21 1:37,19.67,0.54,91.7,100,1,1997,2001,1545,19,11,4,0,5,before,full
127,Academia Sinica,Biodiversity Research Center,Assistant Professor,Tzu-Hao_Lin,1,m,Taiwan,Taiwan,National Taiwan University,68,2013,2020,NA,7,NA,NA,NA,NA,NA,NA,NA,NA,NA,NA,NA,NA,NA,NA,NA,NA,,NA,NA,NA,NA,NA,NA,NA,NA,NA,NA,NA,NA,NA,NA,NA,NA,NA,NA,NA,NA,NA,NA,NA,before,full
128,National Sun Yat-sen University,Department of Oceanography,Assistant Professor,Tzu-Hsuan_Tu,1,f,Taiwan,Taiwan,National Taiwan University,68,2014,2019,NA,5,NA,NA,NA,NA,NA,NA,NA,NA,NA,NA,NA,NA,NA,NA,NA,NA,,NA,NA,NA,NA,NA,NA,NA,NA,NA,NA,NA,NA,NA,NA,NA,NA,NA,NA,NA,NA,NA,NA,NA,before,full
129,National Taiwan University,Department of Forestry and Resource Conservation,Professor,Tzung-Su_Ding,1,m,non-Taiwan,USA,University of California; Davis,108,2001,2002,2019,1,17,NA,NA,NA,NA,NA,NA,NA,NA,NA,NA,NA,NA,NA,NA,3,,NA,NA,NA,NA,NA,NA,NA,NA,NA,NA,NA,NA,NA,NA,NA,NA,NA,NA,NA,NA,NA,NA,NA,before,full
130,National Taiwan University,School of Veterinary Medicine,Associate Professor,Wei-Cheng_Yang,1,m,Taiwan,Taiwan,National Taiwan University,68,2008,2009,NA,1,NA,NA,NA,NA,NA,NA,NA,NA,NA,NA,NA,NA,NA,NA,NA,NA,,NA,NA,NA,NA,NA,NA,NA,NA,NA,NA,NA,NA,NA,NA,NA,NA,NA,NA,NA,NA,NA,NA,NA,before,full
131,National Taiwan University,Institute of Oceanography,Professor,Wei-Jen_Chen,1,m,non-Taiwan,France,Universit√© Paris VI,NA,2001,2010,2017,9,7,NA,NA,NA,NA, 2013 to 2017,28,862,8,107.75,30.79,200.25,6.91,4.39,17,NA,,28,15,3.57,9,133.44,11.55,30.84,21.19,6.08,12/14/21 21:23,25.03,1.13,85.6,100,2,2013,2017,862,26,24,10,0,7,before,full
132,National Taiwan Normal University,Graduate Institute of Environmental Education,Professor,Wei-Ta_Fang,1,m,non-Taiwan,USA,Texas A&M University,168,2005,2008,2019,3,11,NA,NA,NA,NA, 2015 to 2019,23,594,6,99,25.83,130.72,6.09,4.48,14,NA,,23,14,3.16,6,160.03,12.65,36.01,18.52,4.53,12/20/21 19:39,21.78,1,90.7,100,6,2015,2019,594,20,20,10,1,7,before,full
133,National Chung Hsing University,Department of Entomology,Professor,Wen-Bin_Yeh,1,m,Taiwan,Taiwan,National Chung Hsing University,675,1998,1998,2015,0,17,NA,NA,NA,NA, 2011 to 2015,5,59,9,6.56,11.8,13.97,1.07,5,4,5,1,5,3,0.8,2,8.97,2.99,2.1,6.48,0.88,12/12/21 16:53,1.55,0.22,98.3,100,0,2012,2015,59,3,2,0,0,2,before,full
134,National Taiwan University,Department of Agronomy,Associate Professor,Wen-Po_Chuang,1,m,non-Taiwan,USA,Pennsylvania State University,96,2012,2014,NA,2,NA,NA,NA,NA,NA,NA,NA,NA,NA,NA,NA,NA,NA,NA,NA,NA,,NA,NA,NA,NA,NA,NA,NA,NA,NA,NA,NA,NA,NA,NA,NA,NA,NA,NA,NA,NA,NA,NA,NA,before,full
135,National Sun Yat-sen University,Department of Marine Biotechnology and Resources,Professor,Wen-Tseng_Lo,1,m,non-Taiwan,USA,Texas A&M University,168,1995,1995,2005,0,10,NA,NA,NA,NA, 2001 to 2005,11,392,20,19.6,35.64,114.8,3.44,3.64,9,8,-1,11,6,2.31,7,22.92,4.79,6.72,17.49,2.6,12/20/21 20:59,5.74,0.35,98.7,100,0,2001,2005,392,8,6,0,0,3,before,full
136,National Taiwan University,Institute of Ecology and Evolutionary Biology,Professor,Wen-Yuan_Kao,1,f,non-Taiwan,USA,University of Maryland; College Park,158,1992,1994,2006,2,12,NA,NA,NA,NA, 2001 to 2005,6,298,20,14.9,49.67,103.37,1.95,3.33,6,9,3,6,5,1.8,5,15.99,4,5.49,16.19,1.95,12/5/21 3:09,5.16,0.25,100,100,0,2001,2005,298,5,4,1,0,3,before,full
137,National Cheng Kung University,Department of Life Sciences,Professor,Ya-Fu_Lee,1,m,non-Taiwan,USA,The University of Tennessee,545,1999,2002,2010,3,8,NA,NA,NA,NA, 2006 to 2010,9,247,15,16.47,27.44,58.13,2,4.78,7,4,-3,9,4,1.36,3,19.43,4.41,4.58,13.82,1.76,12/2/21 2:17,3.87,0.2,97.2,100,1,2006,2010,247,4,2,1,0,2,before,full
138,Academia Sinica,Institute of Cellular and Organismic Biology,Associate Professor,Ya-Hui_Chou,1,f,Taiwan,Taiwan,National Defense Medical Center,NA,2003,2011,NA,8,NA,NA,NA,NA,NA,NA,NA,NA,NA,NA,NA,NA,NA,NA,NA,NA,,NA,NA,NA,NA,NA,NA,NA,NA,NA,NA,NA,NA,NA,NA,NA,NA,NA,NA,NA,NA,NA,NA,NA,before,full
139,National Chung Hsing University,Department of Forestry,Professor,Yen-Hsueh_Tseng,1,m,Taiwan,Taiwan,National Taiwan University,68,1990,NA,2005,NA,NA,NA,NA,NA,NA, 2001 to 2005,2,6,18,0.33,3,3,1,2,1,8,7,2,1,0.5,1,0.33,0.58,0.17,2.24,0.5,12/31/21 3:22,0.16,0.06,100,100,0,2003,2003,6,0,0,0,0,0,before,full
140,National Yang Ming Chiao Tung University,Department of Biological Science and Technology,Associate Professor,Yeong-Shin_Lin_,1,m,Taiwan,Taiwan,National Yang Ming Chiao Tung University,268,2005,2007,NA,2,NA,NA,NA,NA,NA,NA,NA,NA,NA,NA,NA,NA,NA,NA,NA,NA,,NA,NA,NA,NA,NA,NA,NA,NA,NA,NA,NA,NA,NA,NA,NA,NA,NA,NA,NA,NA,NA,NA,NA,before,full
141,National Taiwan University,Institute of Oceanography,Associate Professor,Yi-Jay_Chang,1,m,Taiwan,Taiwan,National Taiwan University,68,2011,2016,NA,5,NA,NA,NA,NA,NA,NA,NA,NA,NA,NA,NA,NA,NA,NA,NA,NA,,NA,NA,NA,NA,NA,NA,NA,NA,NA,NA,NA,NA,NA,NA,NA,NA,NA,NA,NA,NA,NA,NA,NA,before,full
142,Academia Sinica,Biodiversity Research Center,Associate Professor,Yin-Ru_Chiang,1,m,non-Taiwan,Germany,University of Freiburg,172,2007,2012,NA,5,NA,NA,NA,NA,NA,NA,NA,NA,NA,NA,NA,NA,NA,NA,NA,NA,,NA,NA,NA,NA,NA,NA,NA,NA,NA,NA,NA,NA,NA,NA,NA,NA,NA,NA,NA,NA,NA,NA,NA,before,full
143,National Taiwan University,Department of Bioenvironmental Systems Engineering,Assistant Professor,Yo-Jin_Shiau,1,m,non-Taiwan,USA,North Carolina State University,300,2014,2019,NA,5,NA,NA,NA,NA,NA,NA,NA,NA,NA,NA,NA,NA,NA,NA,NA,NA,,NA,NA,NA,NA,NA,NA,NA,NA,NA,NA,NA,NA,NA,NA,NA,NA,NA,NA,NA,NA,NA,NA,NA,before,full
144,Academia Sinica,Biodiversity Research Center,Associate Professor,Yoko_Nozawa,1,m,non-Taiwan,Japan,Kyushu University,137,2006,2009,NA,3,NA,NA,NA,NA,NA,NA,NA,NA,NA,NA,NA,NA,NA,NA,NA,NA,,NA,NA,NA,NA,NA,NA,NA,NA,NA,NA,NA,NA,NA,NA,NA,NA,NA,NA,NA,NA,NA,NA,NA,before,full
145,National Sun Yat-sen University,Department of Biological Sciences,Professor,Yu-Chung_Chiang,1,m,Taiwan,Taiwan,National Taiwan Normal University,334,2002,2002,2014,0,12,NA,NA,NA,NA, 2010 to 2014,20,394,11,35.82,19.7,85.75,4.44,4.7,13,12,-1,19,9,2.68,6,45.18,6.72,9.85,12.81,4.23,12/8/21 3:05,7.79,0.55,84.5,99.5,0,2010,2014,394,18,11,1,0,4,before,full
146,National Taiwan Normal University,Department of Life Science,Professor,Yu-Feng_Hsu,1,m,non-Taiwan,USA,University of California; Berkeley¬†,32,1995,1995,2007,0,12,NA,NA,NA,NA, 2003 to 2007,13,331,18,18.39,25.46,75.64,6.09,2.85,5,5,0,13,3,1.47,3,18.68,4.32,4.39,16.94,3.09,11/27/21 21:41,4.2,0.17,94.3,100,1,2004,2007,331,3,1,1,0,1,before,full
147,National Chung Hsing University,Department of Life Sciences,Assistant Professor,Yu-Hsin_Tseng,1,f,Taiwan,Taiwan,National Taiwan University,68,2015,2021,NA,6,NA,NA,NA,NA,NA,NA,NA,NA,NA,NA,NA,NA,NA,NA,NA,NA,,NA,NA,NA,NA,NA,NA,NA,NA,NA,NA,NA,NA,NA,NA,NA,NA,NA,NA,NA,NA,NA,NA,NA,before,full
148,Academia Sinica,Institute of Plant and Microbial Biology,Professor,Yu-Ming_Ju,1,m,non-Taiwan,USA,Washington State University,427,1995,1999,2008,4,9,NA,NA,NA,NA,NA,NA,NA,NA,NA,NA,NA,NA,NA,NA,NA,,NA,NA,NA,NA,NA,NA,NA,NA,NA,NA,NA,NA,NA,NA,NA,NA,NA,NA,NA,NA,NA,NA,NA,before,full
149,National Taiwan University,Department of Animal Science and Technology,Professor,Yu-Ten_Ju,1,m,Taiwan,Taiwan,National Yang Ming Chiao Tung University,268,1999,2002,2015,3,13,NA,NA,NA,NA, 2011 to 2015,6,81,10,8.1,13.5,16.37,1.22,5,6,2,-4,6,4,1.2,3,10.36,3.22,2.08,6.71,1.22,12/18/21 22:41,1.63,0.3,100,100,0,2011,2015,81,6,2,0,0,2,before,full
150,Academia Sinica,Institute of Cellular and Organismic Biology,Assistant Professor,Yung-Che_Tseng,1,m,Taiwan,Taiwan,National Taiwan University,68,2008,2015,NA,7,NA,NA,NA,NA,NA,NA,NA,NA,NA,NA,NA,NA,NA,NA,NA,NA,,NA,NA,NA,NA,NA,NA,NA,NA,NA,NA,NA,NA,NA,NA,NA,NA,NA,NA,NA,NA,NA,NA,NA,before,full
151,National Taiwan Normal University,Department of Life Science,Professor,Yuying_Hsu,1,f,non-Taiwan,USA,Syracuse University,675,1997,2002,2010,5,8,NA,NA,NA,NA, 2006 to 2010,10,1513,15,100.87,151.3,523.1,3.24,3.5,10,7,-3,10,7,2.86,7,111.45,10.56,38.95,37.59,3.23,11/28/21 2:33,34.87,0.47,100,100,3,2006,2010,1513,10,7,6,2,5,before,full